index,url,valid,domain,title,description,image,published,archive,content,quote,language,keyword
https://www.nzz.ch/international/in-der-dunkelheit-tauchten-die-siedler-auf-netanyahus-politik-treibt-uns-in-die-naechste-intifada-sagt-ein-palaestinenser-ld.10009346,https://www.nzz.ch/international/in-der-dunkelheit-tauchten-die-siedler-auf-netanyahus-politik-treibt-uns-in-die-naechste-intifada-sagt-ein-palaestinenser-ld.10009346,0,www.nzz.ch,"In der Dunkelheit tauchten die Siedler auf: «Netanyahus Politik treibt uns in die nächste Intifada», sagt ein Palästinenser","Überfälle, zerstörte Ernten, abgebrannte Häuser: Die Übergriffe radikaler Siedler gegen Palästinenser haben im Schatten des Krieges massiv zugenommen. Selbst die israelische Armee warnt vor den Folgen.","https://img-msp-prod.nzz.ch/2026/06/01/39baf1d9-5eb4-48a1-a63c-7a3e4cf7f693.jpg?width=1200&height=675&fit=bounds&quality=75&auto=webp&crop=2769,1558,x0,y462&wmark=nzz",2026-07-01T03:30:00Z,,"Naif Mussalams Haus ist kein Palast. Niedrige Decken, Steinwände, über Jahrzehnte gewachsen wie die Familie darin. Es steht in Khirbet al-Marajim, einem Dorf rund fünfzehn Kilometer von der palästine… [+11144 chars]",,de,'Dunkelheit'
https://www.telepolis.de/article/Europas-Gasspeicher-Niedrigster-Fuellstand-seit-15-Jahren-droht-11349825.html,https://www.telepolis.de/article/Europas-Gasspeicher-Niedrigster-Fuellstand-seit-15-Jahren-droht-11349825.html,0,www.telepolis.de,Europas Gasspeicher: Niedrigster Füllstand seit 15 Jahren droht,Die EU könnte mit nur 76 Prozent Speicherfüllung in den Winter starten – so wenig wie seit 2011 nicht. Höhere Heizkosten werden wahrscheinlicher.,https://heise.cloudimg.io/bound/1200x1200/q85.png-lossy-85.webp-lossy-85.foil1/_www-heise-de_/imgs/18/5/1/0/9/3/1/4/shutterstock_2750226223-144f71ea16d7c1cd.jpg,2026-07-01T04:30:00Z,,"Der Füllstand von Europas Gasspeichern könnten zu Beginn der Heizsaison einen historisch niedrigen Wert erreichen.
(Bild: muratart / Shutterstock.com)
Die EU könnte mit nur 76 Prozent Speicherfüllu… [+2930 chars]",,de,'Winter'
https://www.n-tv.de/ratgeber/Heizungstausch-in-WEG-So-sichern-Sie-sich-alle-Foerdergelder-id31007528.html,https://www.n-tv.de/ratgeber/Heizungstausch-in-WEG-So-sichern-Sie-sich-alle-Foerdergelder-id31007528.html,0,www.n-tv.de,Bis zu 70 Prozent Zuschuss: Heizungstausch in WEG: So sichern Sie sich alle Fördergelder,Mit cleveren Zusatzanträgen sichern sich Eigentümer in WEGs satte Bonus-Förderungen beim Heizungstausch. Andernfalls bleiben Tausende Euro auf der Strecke. Worauf Sie ganz konkret achten müssen.,https://www.n-tv.de/img/2235356/1738320426/Img_16_9/1200/imago796559556.jpg,2026-07-01T05:17:03Z,,"Bis zu 70 Prozent ZuschussHeizungstausch in WEG: So sichern Sie sich alle Fördergelder
Alle Fördermittel für den Umstieg auf eine klimafreundliche Heizung abzugreifen, kann für eine WEG durchaus kom… [+3612 chars]",,de,'Heizung'
https://www.tagesspiegel.de/kultur/ronja-von-ronnes-neues-buch-welcher-idiot-druckt-schon-liebesbriefe-aus-15778099.html,https://www.tagesspiegel.de/kultur/ronja-von-ronnes-neues-buch-welcher-idiot-druckt-schon-liebesbriefe-aus-15778099.html,0,www.tagesspiegel.de,Ronja von Rönnes neues Buch: Welcher Idiot druckt schon Liebesbriefe aus?,Frost und Verstörung: Ronja von Rönne erzählt in „Alles Liebe“ fünf Geschichten über Wahrheit und Lüge in toxischen Beziehungen.,https://www.tagesspiegel.de/images/15778098/alternates/BASE_16_9_W1400/1782824334000/roenne-von-ronja-0537a-c-carolin-saage-2025.jpeg,2026-07-01T06:50:41Z,,"Erste Sätze kann die Schriftstellerin Ronja von Rönne. Miriams Krebs war langweilig, so beginnt vielversprechend die erste der fünf Geschichten ihres Romans Alles Liebe. Auch zwei weitere erste Sätze… [+167 chars]",,de,'Frost'
https://www.pcgames.de/Microsoft-Xbox-Konsolen-18125/News/Third-Party-Spiele-fuer-den-Game-Pass-1546843/,https://www.pcgames.de/Microsoft-Xbox-Konsolen-18125/News/Third-Party-Spiele-fuer-den-Game-Pass-1546843/,0,www.pcgames.de,Xbox Game Pass: Gibt's bald keine Dritthersteller-Spiele mehr für das Abo?,"Microsoft legt Verhandlungen über Game-Pass-Spiele auf Eis und ""zieht Partnern bei Verhandlungen den Boden unter den Füßen weg"", sagt ein Insider und stützt sich auf Aussagen mehrerer Entwickler bei Dritthersteller-Studios.",https://www.pcgames.de/screenshots/original/2025/10/Xbox_Game_Pass-pc-games_artwork3.jpg,2026-07-01T08:01:00Z,,Kommt bald eine deutliche Neuausrichtung des Abonnement-Dienstes Xbox Game Pass? Einem Branchen-Insider zufolge hat Microsoft den Abschluss neuer Verträge mit externen Dritthersteller-Entwicklerstudi… [+2263 chars],,de,'Eis'
https://t3n.de/news/zu-schade-zum-rumstehen-nasa-schickt-mars-testvehikel-zum-mond-1750493/,https://t3n.de/news/zu-schade-zum-rumstehen-nasa-schickt-mars-testvehikel-zum-mond-1750493/,0,t3n.de,Zu schade zum Rumstehen: Nasa schickt Mars-Testvehikel zum Mond,"Er diente als Entwicklungsversion des Mars-Rover Perseverance: Nun will die Nasa das Roboterfahrzeug Promise auf den Mond bringen. Zuvor hatte die Weltraumbehörde den Plan, einen eigens gestalteten Mond-Rover auf den Erdtrabanten zu schicken, auf Eis gelegt. …",https://cdn.t3n.de/news/wp-content/uploads/2024/01/Marsrover-Opportunity.jpg?class=content,2026-07-01T09:00:45Z,,"Die Nasa will einen Mars-Rover zweckentfremden und auf unseren Mond schicken. Dies teilte die US-Weltraumbehörde in einer Pressekonferenz mit.
Bei dem Vehikel handelt es sich um eine Entwicklungsver… [+2609 chars]",,de,'Eis'
https://www.china-gadgets.de/aliexpress-choice-day-juli-angebote/,https://www.china-gadgets.de/aliexpress-choice-day-juli-angebote/,0,www.china-gadgets.de,AliExpress Choice Day: Eiskalte Deals zur Abkühlung gegen die Sommerhitze & mehr,"Kompressor-Kühlboxen, Anker-Speicher und Tablets im Preissturz: Wir zeigen euch die Highlights zum AliExpress Choice Day für den Juli 2026.
Der Beitrag AliExpress Choice Day: Eiskalte Deals zur Abkühlung gegen die Sommerhitze & mehr erschien zuerst auf China-…",https://www.china-gadgets.de/app/uploads/2026/07/AliExpress-Choice-Day-Juli.2026.png,2026-07-01T10:00:13Z,,Der Sommer brennt vom Himmel und AliExpress liefert pünktlich zum Monatsanfang die passende Abkühlung. Der Juli Choice Day ist offiziell gestartet! Vom 1. bis zum 7. Juli 2026 winken wieder gestaffel… [+3759 chars],,de,'Eis'
https://www.zeit.de/news/2026-07/01/andr-eisermann-zeit-ist-das-einzige-was-wir-besitzen,https://www.zeit.de/news/2026-07/01/andr-eisermann-zeit-ist-das-einzige-was-wir-besitzen,0,www.zeit.de,"«Königshaut»: André Eisermann: «Zeit ist das Einzige, was wir besitzen»","Hier finden Sie Informationen zu dem Thema „«Königshaut»“. Lesen Sie jetzt „André Eisermann: «Zeit ist das Einzige, was wir besitzen»“.",https://img.zeit.de/news/2026-07/01/andr-eisermann-zeit-ist-das-einzige-was-wir-besitzen-image-group/wide__1300x731,2026-07-01T10:15:57Z,,Schauspieler André Eisermann («Schlafes Bruder») verkörpert in einem Open-Air-Projekt in Thüringen «die Zeit» - und beschäftigt sich aktuell besonders mit dem Thema Vergänglichkeit. «Was ich über die… [+2029 chars],,de,'Eis'
https://www.bild.de/sport/fussball/zu-flapsig-zu-bockig-kritik-an-nagelsmanns-aussendarstellung-6a44cd8188b80dfa50d93467,https://www.bild.de/sport/fussball/zu-flapsig-zu-bockig-kritik-an-nagelsmanns-aussendarstellung-6a44cd8188b80dfa50d93467,0,www.bild.de,„Zu flapsig! Zu bockig!“ - Kritik an Nagelsmanns Außendarstellung,Bundestrainer Nagelsmann steht wegen seines öffentlichen Auftritts während der Weltmeisterschaft in der Kritik. Fußball-Experte Reif schätzt seine Außend...,"https://images.bild.de/6a44cd8188b80dfa50d93467/a8a3e7d0ad21f0f52c262118d59aed89,877163b0?w=1280",2026-07-01T10:24:52Z,,"+++Nach Tankrabatt-Aus: Sprit knallt um bis zu 19 Cent rauf
+++Nach Tankrabatt-Aus: Sprit knallt um bis zu 19 Cent rauf
+++Nach Tankrabatt-Aus: Sprit knallt um bis zu 19 Cent rauf
+++Nach Tankraba… [+408 chars]",,de,'Reif'
https://www.bild.de/sport/fussball/wm-verlierer-unter-der-lupe-reif-rechnet-mit-allen-dfb-stars-ab-6a44cc4f8fb3fff12ac432d4,https://www.bild.de/sport/fussball/wm-verlierer-unter-der-lupe-reif-rechnet-mit-allen-dfb-stars-ab-6a44cc4f8fb3fff12ac432d4,0,www.bild.de,WM-Verlierer unter der Lupe - Reif rechnet mit ALLEN DFB-Stars ab,"Die deutsche Nationalmannschaft blamiert sich gegen Paraguay, und scheidet aus der WM aus. Marcel Reif findet für den Auftritt der DFB-Stars deutliche Wo...","https://images.bild.de/6a44cc4f8fb3fff12ac432d4/11cbb8756f1815181e4f38f20926b128-landscape,150554a1?w=1280",2026-07-01T10:41:48Z,,"+++Belgien: Haus in Flammen! Mehrere Tote in Antwerpen
+++Belgien: Haus in Flammen! Mehrere Tote in Antwerpen
+++Belgien: Haus in Flammen! Mehrere Tote in Antwerpen
+++Belgien: Haus in Flammen! Me… [+358 chars]",,de,'Reif'
https://www.bild.de/sport/fussball/bei-voeller-interview-verraet-dieses-wort-das-nagelsmann-aus-6a44ccfe8fb3fff12ac432f1,https://www.bild.de/sport/fussball/bei-voeller-interview-verraet-dieses-wort-das-nagelsmann-aus-6a44ccfe8fb3fff12ac432f1,0,www.bild.de,Bei Völler-Interview - Verrät dieses Wort das Nagelsmann-Aus?,Hat Rudi Völler in hier das Aus von Bundestrainer Nagelsmann verraten? Das u.v.m. bei „Reif ist Live“.,"https://images.bild.de/6a44ccfe8fb3fff12ac432f1/80486721b13569de3d8baf7a153576cd,65f54c9c?w=1280",2026-07-01T11:31:49Z,,"Mehr zum Video anzeigen 
Hat Rudi Völler in hier das Aus von Bundestrainer Nagelsmann verraten? Das u.v.m. bei Reif ist Live.
Quelle: BILD/MagentaTV01.07.2026 - 13:31 Uhr",,de,'Reif'
https://www.faz.net/aktuell/reise/36-000-eier-und-26-tonnen-obst-hinter-den-kulissen-eines-kreuzfahrtschiffes-accg-200960217.html,https://www.faz.net/aktuell/reise/36-000-eier-und-26-tonnen-obst-hinter-den-kulissen-eines-kreuzfahrtschiffes-accg-200960217.html,0,www.faz.net,Kreuzfahrt: In der Parallelwelt,"Wie wird eigentlich ein Kreuzfahrtschiff mit 4500 Menschen an Bord versorgt, wenn es tagelang durch den Atlantik fährt? Ein Blick hinter die Kulissen – und auf 2800 Liter Eis, 500 Kilo Erdbeeren und 36.000 Eier.",https://media0.faz.net/image/w1200h627/474163bb393b/w2016h1053x0y319o/202606/43601.0.2266426433/diese-tuer-auf-deck-3-fuehrt.webp,2026-07-01T11:42:00Z,,"Auf Deck 3 führt eine unscheinbare gelbe Tür in die Kreuzfahrt-Parallelwelt. Es ist eine Welt mit anderen Farben, anderen Geräusche, anderen Gerüchen, anderen Temperaturen, anderen Sprachen und sogar… [+6030 chars]",,de,'Eis'
https://www.computerbase.de/news/gaming/xbox-bald-ybox-microsoft-setzt-die-kettensaege-in-der-spielesparte-an.98179/,https://www.computerbase.de/news/gaming/xbox-bald-ybox-microsoft-setzt-die-kettensaege-in-der-spielesparte-an.98179/,0,www.computerbase.de,Xbox bald „Ybox“: Microsoft setzt die Kettensäge in der Spielesparte an,"Details zum Umbau bei Microsofts Xbox-Sparte verdichten sich zu einem bedrückenden Gesamtbild: Der Konzern setzt die Kettensäge an und plant einen Kahlschlag. Parallel liegt der Game Pass auf Eis, zumindest in Bezug auf Drittanbieter-Spiele. Wer so am Standbe…",https://pics.computerbase.de/1/2/3/5/6/0-981007c4c1a5a7a4/article-1280x720.7e59b6ae.jpg,2026-07-01T12:19:00Z,,"Details zum Umbau bei Microsofts Xbox-Sparte verdichten sich zu einem bedrückenden Gesamtbild: Der Konzern setzt die Kettensäge an und plant einen Kahlschlag. Parallel liegt der Game Pass auf Eis, zu… [+2360 chars]",,de,'Eis'
https://www.faz.net/aktuell/finanzen/etf-kosten-im-vergleich-ist-guenstig-immer-gut-200986691.html,https://www.faz.net/aktuell/finanzen/etf-kosten-im-vergleich-ist-guenstig-immer-gut-200986691.html,0,www.faz.net,"Wie Gebühren wirken: Das Eis schmilzt, die ETF-Kosten bleiben",Günstiger geht fast immer – aber lohnt sich das auch? Gerade bei ETF können selbst kleine Kostenunterschiede über die Jahre viel ausmachen.,https://media0.faz.net/image/w1200h627/6ef73339929c/w5953h3110x0y254o/202603/43601.0.1854430305/zu-teuer-eine-kugel-eis-ist.webp,2026-07-01T14:21:52Z,,"Hauptsache günstig. Oder nicht? Heutzutage kommt schnell das Gefühl auf, zu teuer gekauft zu haben. Die Leasingrate für das E-Auto? Bei einem anderen Händler ist sie niedriger. Die Kugel Eis? In der … [+1359 chars]",,de,'Eis'
https://www.bild.de/sport/fussball/dieser-satz-verraet-es-experte-sicher-klopp-wird-bundestrainer-6a44cce48fb3fff12ac432ed,https://www.bild.de/sport/fussball/dieser-satz-verraet-es-experte-sicher-klopp-wird-bundestrainer-6a44cce48fb3fff12ac432ed,0,www.bild.de,Dieser Satz verrät es - Experte sicher: Klopp wird Bundestrainer!,"Jürgen Klopp antwortet nach der WM-Blamage gegen Paraguay auf die Frage, ob er der Nagelsmann-Nachfolger wird. Experte Reif deutet Klopps WM-Aussagen als...","https://images.bild.de/6a44cce48fb3fff12ac432ed/4c94a59cc0cb8ab4ed65f8294722c0c1,f66123c9?w=1280",2026-07-01T15:47:46Z,,"Mehr zum Video anzeigen 
Jürgen Klopp antwortet nach der WM-Blamage gegen Paraguay auf die Frage, ob er der Nagelsmann-Nachfolger wird. Experte Reif deutet Klopps WM-Aussagen als klares Signal für d… [+100 chars]",,de,'Reif'
https://www.tagesspiegel.de/sport/tennis-wegen-dunkelheit-struff-muss-in-wimbledon-nachsitzen-15783930.html,https://www.tagesspiegel.de/sport/tennis-wegen-dunkelheit-struff-muss-in-wimbledon-nachsitzen-15783930.html,0,www.tagesspiegel.de,Tennis: Wegen Dunkelheit - Struff muss in Wimbledon nachsitzen,Tennisprofi Jan-Lennard Struff steht in Wimbledon kurz vor dem Einzug in die dritte Runde. Doch die Partie wird am Abend abgebrochen.,https://www.tagesspiegel.de/images/15783929/alternates/BASE_16_9_W1400/1782936853000/tennis-wimbledon.jpeg,2026-07-01T20:14:14Z,,"Tennisprofi Jan-Lennard Struff hat in Wimbledon die Chance auf den dritten Drittrunden-Einzug in Serie, wird seine Partie aber erst am Donnerstag beenden. Wegen Dunkelheit wurde Struffs Duell mit dem… [+493 chars]",,de,'Dunkelheit'
https://www.bild.de/sport/fussball/verdacht-um-xxl-abfindung-will-nagelsmann-deswegen-bundestrainer-bleiben-6a44ccb38fb3fff12ac432e8,https://www.bild.de/sport/fussball/verdacht-um-xxl-abfindung-will-nagelsmann-deswegen-bundestrainer-bleiben-6a44ccb38fb3fff12ac432e8,0,www.bild.de,Verdacht um XXL-Abfindung - Will Nagelsmann darum bleiben?,Der Vertrag von Julian Nagelsmann läuft bis 2028! Möchte der Bundestrainer deshalb nicht zurücktreten? Das u.v.m. bei „Reif ist Live“.,"https://images.bild.de/6a44ccb38fb3fff12ac432e8/b13998ee34477adad7f4bf2dd0b17109,b4e4966e?w=1280",2026-07-02T00:59:12Z,,"Mehr zum Video anzeigen 
Der Vertrag von Julian Nagelsmann läuft bis 2028! Möchte der Bundestrainer deshalb nicht zurücktreten? Das u.v.m. bei Reif ist Live.
Quelle: BILD02.07.2026 - 02:59 Uhr",,de,'Reif'
https://www.diepresse.com/34460094/kaelte-keule-ueber-oesterreich,https://www.diepresse.com/34460094/kaelte-keule-ueber-oesterreich,0,www.diepresse.com,Kälte-Keule über Österreich [premium],"Der Sommer war intensiv, aber kurz – in den Elektromärkten werden bereits Heizstrahler nachgefragt.",https://img.diepresse.com/public/incoming/3ni1y5-kein-titel/alternates/WEBP_WIDE_1200/kein%20Titel,2026-07-02T08:37:26Z,,"So schnell kann es gehen. Gerade noch wurden knapp 40 Grad gemessen, verzeichneten die Freibäder Rekordbelegungen. Luigi, Toni und all die anderen Eissalons verzeichneten Rekordumsätze. Hunderte Mens… [+1226 chars]",,de,'Kälte'
https://www.whudat.de/maxo-kream-o-y-n-das-wuerdevolle-altern-im-strassen-rap/,https://www.whudat.de/maxo-kream-o-y-n-das-wuerdevolle-altern-im-strassen-rap/,0,www.whudat.de,Maxo Kream – „O.Y.N“ // Das würdevolle Altern im Straßen-Rap,"Maxo Kream zeigt auf seinem neuen Album „O.Y.N“ eine Reife, die im modernen Straßen-Rap selten vorkommt. Er altert in Würde und blickt extrem reflektiert auf seine bewegte Vergangenheit zurück. Mit dem neuen Longplayer „O.Y.N“ liefert der US-Rapper Maxo Kream…",https://www.whudat.de/images/2026/07/Maxo-Kream-OYN-BB.jpg,2026-07-02T09:58:57Z,,"Maxo Kream zeigt auf seinem neuen Album O.Y.N eine Reife, die im modernen Straßen-Rap selten vorkommt. Er altert in Würde und blickt extrem reflektiert auf seine bewegte Vergangenheit zurück.
Mit de… [+3844 chars]",,de,'Reif'
https://www.sueddeutsche.de/kultur/elfriede-blauensteiner-serienmoerderin-buch-ausreden-florian-klenk-li.3500710,https://www.sueddeutsche.de/kultur/elfriede-blauensteiner-serienmoerderin-buch-ausreden-florian-klenk-li.3500710,0,www.sueddeutsche.de,"Verbrechen: Die Frau, die aus der Kälte kam",Die Serienmörderin Elfriede Blauensteiner liefert bis heute Stoff für True-Crime-Formate. Florian Klenk gelingt in „Ausreden“ eine eindringliche Spurensuche jenseits von „Wiener Weibsteufel“-Schlagzeilen.,https://www.sueddeutsche.de/2026/07/02/9c304c08-dbfd-4aeb-9fba-e2fef2464c7a.jpg?q=60&fm=webp&width=1200&rect=0%2C284%2C2048%2C1152,2026-07-02T11:04:10Z,,"Zu den Menschen, die es in Österreich zu fragwürdiger Prominenz gebracht haben, gehört die Serienmörderin Elfriede Blauensteiner. Diese hatte mehrere ältere Männer geheiratet und dann mit Diabetes-Me… [+321 chars]",,de,'Kälte'
https://www.tagesspiegel.de/gesellschaft/panorama/prufung-der-staatsanwaltschaft-zwangsubernachtung-im-flugzeug-ohne-strafrechtliche-folgen-15787295.html,https://www.tagesspiegel.de/gesellschaft/panorama/prufung-der-staatsanwaltschaft-zwangsubernachtung-im-flugzeug-ohne-strafrechtliche-folgen-15787295.html,0,www.tagesspiegel.de,Prüfung der Staatsanwaltschaft: Zwangsübernachtung im Flugzeug ohne strafrechtliche Folgen,"Hunderte Passagiere müssen am Münchner Flughafen eine Schnee-Nacht in Flugzeugen verbringen. Die Empörung ist groß, auch die Staatsanwaltschaft wird aktiv. Jetzt legt sie ein Ergebnis vor.",https://www.tagesspiegel.de/images/15787294/alternates/BASE_16_9_W1400/1782991172000/winterwetter-flughafen-munchen.jpeg,2026-07-02T11:19:32Z,,Die unfreiwillige Übernachtung Hunderter Passagiere in Flugzeugen am Münchner Flughafen wird keine strafrechtlichen Folgen haben. Nach der Prüfung des Polizeiberichts zum Vorfall im Februar sei das V… [+2779 chars],,de,'Schnee'
https://www.focus.de/gesundheit/symptome/staendiges-frieren-und-muedigkeit-daran-kann-es-liegen_679b95ef-c0f4-498c-afe8-0de74e18bf03.html,https://www.focus.de/gesundheit/symptome/staendiges-frieren-und-muedigkeit-daran-kann-es-liegen_679b95ef-c0f4-498c-afe8-0de74e18bf03.html,0,www.focus.de,Ständiges Frieren und Müdigkeit: Daran kann es liegen,Ständiges Frieren und Müdigkeit können Symptome gesundheitlicher Probleme sein wie Schlafstörungen und Stress. Ein ärztlicher Check kann sinnvoll sein.,"https://quadro.burda-forward.de/ctf/6ef647b6-a490-49c0-8061-c95126f020c5.31da8fd4-a8d1-415d-bcfe-7ba374144b20.jpg?im=RegionOfInterestCrop=(1200,630),regionOfInterest=(980,561)&hash=545d738107469f2977467f045434d06810175a1a55ba6f5029f5ca2d739670dc",2026-07-02T12:22:00Z,,"Ständiges Frieren und Müdigkeit sind nicht nur unangenehme Begleiter im Alltag. Es ist unerlässlich, diese Symptome ernst zu nehmen und die Ursachen zu erforschen. Neben Übermüdung und Erschöpfung kö… [+112 chars]",,de,'Frieren'
https://www.bild.de/leben-wissen/food-essen-trinken-rezepte/die-wahl-des-grills-beeinflusst-mehr-als-sie-denken-660fc8f3b484e05aabe37575,https://www.bild.de/leben-wissen/food-essen-trinken-rezepte/die-wahl-des-grills-beeinflusst-mehr-als-sie-denken-660fc8f3b484e05aabe37575,0,www.bild.de,"Holzkohle, Gas- und Elektrogrill - Grillwahl beeinflusst mehr, als Sie denken","Gasgrill, Holzkohlegrill oder Elektrogrill? Wichtigste Vor- und Nachteile im Vergleich. So finden Sie den passenden Grill für Balkon, Garten und Terrasse.","https://images.bild.de/660fc8f3b484e05aabe37575/592728af099ecaaf549860a54954424a,35617a5a?w=1280",2026-07-03T02:48:50Z,,TTS-Player überspringenArtikel weiterlesenWarme Sommerabende und der verlockende Duft von gegrilltem Essen liegen in der Luft. Die Grillsaison hat begonnen! Doch welchen Grill sollten Sie wann benutz… [+3436 chars],,de,'geringe Temperatur'
https://www.zeit.de/zeit-magazin/wochenmarkt/2026-07/kalte-kirschsuppe-kirschbaeume-mittelfranken-sorten,https://www.zeit.de/zeit-magazin/wochenmarkt/2026-07/kalte-kirschsuppe-kirschbaeume-mittelfranken-sorten,0,www.zeit.de,Kalte Kirschsuppe: Mit der is’ gut Kirschen essen,"Reife Kirschen schmecken nach Kindheit: süß, warm und saftig. Dass die Früchte wahre Allrounder sind und auch herzhaft gut zur Geltung kommen, beweist diese kalte Suppe!",https://img.zeit.de/zeit-magazin/wochenmarkt/2026-07/kalte-kirschsuppe-kirschbaeume-mittelfranken-sorten-bild/wide__1300x731,2026-07-03T05:48:00Z,,"Kirschenbäume gehören zum Landschaftsbild meiner fränkischen Heimat, genauer gesagt Mittelfrankens. Einmal im Frühjahr berausche ich mich an dem Blütenmeer, in dem es in den Kirschbäumen nur so summt… [+554 chars]",,de,'Reif'
https://www.kino.de/news/bevor-es-auf-netflix-weitergeht-frieren-staffel-2-feiert-in-kuerze-free-tv-premiere--01KWEEPA0F197E1J2V89FQTFZN,https://www.kino.de/news/bevor-es-auf-netflix-weitergeht-frieren-staffel-2-feiert-in-kuerze-free-tv-premiere--01KWEEPA0F197E1J2V89FQTFZN,0,www.kino.de,Bevor es auf Netflix weitergeht: „Frieren“ Staffel 2 feiert in Kürze Free-TV-Premiere,"„Frieren“ ist nicht nur auf Crunchyroll ein Hit, sondern zuletzt auch auf Netflix. Bevor es dort weitergeht, könnt ihr die zweite Staffel im Free-TV sehen.",https://static.kino.de/fd/75/52/4d7969b18186109da4138accfa_ZmMgNjY0MTVhNzRmZmZmIDE5MjAgMTA4MANmNTQ5YjExZDFhZg==.jpg,2026-07-03T07:09:53Z,,"Frieren ist nicht nur auf Crunchyroll ein Hit, sondern zuletzt auch auf Netflix. Bevor es dort weitergeht, könnt ihr die zweite Staffel im Free-TV sehen.
Die erste Anlaufstelle für Animes ist und bl… [+2166 chars]",,de,'Frieren'
https://www.focus.de/gesundheit/ernaehrung/frieren-beim-abnehmen-das-steckt-dahinter_bb183edd-38ac-4542-a0be-f807686b7ae8.html,https://www.focus.de/gesundheit/ernaehrung/frieren-beim-abnehmen-das-steckt-dahinter_bb183edd-38ac-4542-a0be-f807686b7ae8.html,0,www.focus.de,Frieren beim Abnehmen: Das steckt dahinter,"Frieren ist eine Begleiterscheinung beim Abnehmen. Dafür kann es mehrere Ursachen geben, denen Sie auf den Grund gehen sollten.","https://quadro.burda-forward.de/ctf/fee3be17-ee53-40bb-8493-937401bd97be.3d47abd9-c8d7-4c8e-8fd9-8afa26a5b404.jpg?im=RegionOfInterestCrop=(1200,630),regionOfInterest=(1000,577)&hash=9d18e3b9bcfaa12b016df091531ef90934ad39da5735025a18857a22656897a0",2026-07-03T08:19:00Z,,"Alle Inhalte, insbesondere die Texte und Bilder von Agenturen, sind
 urheberrechtlich geschützt und dürfen nur im Rahmen der gewöhnlichen
 Nutzung des Angebots vervielfältigt, verbreitet oder sonst… [+43 chars]",,de,'Frieren'
https://www.bild.de/sport/fussball/live-im-studio-reif-reagiert-auf-nagelsmann-entscheidung-6a476150ad32e994f87599ad,https://www.bild.de/sport/fussball/live-im-studio-reif-reagiert-auf-nagelsmann-entscheidung-6a476150ad32e994f87599ad,0,www.bild.de,Live im Studio - Reif reagiert auf Nagelsmann-Entscheidung,Nach BILD-Informationen wird Julian Nagelsmann als Bundestrainer zurücktreten. Das u.v.m. bei „Reif ist Live“.,"https://images.bild.de/6a476150ad32e994f87599ad/3818bdae39dd6141a87e22c58de7c268,258abe5?w=1280",2026-07-03T09:37:38Z,,"Mehr zum Video anzeigen 
Nach BILD-Informationen wird Julian Nagelsmann als Bundestrainer zurücktreten. Das u.v.m. bei Reif ist Live.
Quelle: BILD03.07.2026 - 11:41 Uhr",,de,'Reif'
https://www.bild.de/sport/fussball/wenn-klopp-kommt-diskussion-um-voeller-zukunft-6a4761a3ad32e994f87599cb,https://www.bild.de/sport/fussball/wenn-klopp-kommt-diskussion-um-voeller-zukunft-6a4761a3ad32e994f87599cb,0,www.bild.de,Wenn Klopp kommt - Diskussion um Völler-Zukunft,Wie geht’s nach dem Nagelsmann-Aus mit Rudi Völler weiter? Das u.v.m. bei „Reif ist Live“.,"https://images.bild.de/6a4761a3ad32e994f87599cb/168d8e9351330c22371657b562b1a960-landscape,5aa29161?w=1280",2026-07-03T12:10:29Z,,"Mehr zum Video anzeigen 
Wie gehts nach dem Nagelsmann-Aus mit Rudi Völler weiter? Das u.v.m. bei Reif ist Live.
Quelle: BILD03.07.2026 - 14:10 Uhr",,de,'Reif'
https://www.bild.de/sport/fussball/es-liegt-nicht-an-nagelsmann-warum-der-deutsche-fussball-am-boden-ist-6a47616aad32e994f87599b4,https://www.bild.de/sport/fussball/es-liegt-nicht-an-nagelsmann-warum-der-deutsche-fussball-am-boden-ist-6a47616aad32e994f87599b4,0,www.bild.de,Es liegt nicht an Nagelsmann - Warum der deutsche Fußball am Boden ist,Julian Nagelsmann tritt nach BILD-Informationen zurück. Doch der deutsche Fußball hat scheinbar noch weitere Probleme. Das u.v.m. bei „Reif ist Live“.,"https://images.bild.de/6a47616aad32e994f87599b4/45e455baa3ce69ea7fa5a8d9e7b12f65-landscape,2f8b0d13?w=1280",2026-07-03T15:02:56Z,,"+++6 Menschen in Stade erschossen: Jetzt auch Mutter und Patentante unter Mordverdacht
+++6 Menschen in Stade erschossen: Jetzt auch Mutter und Patentante unter Mordverdacht
+++6 Menschen in Stade … [+678 chars]",,de,'Reif'
https://www.zeit.de/news/2026-07/04/lng-anteil-an-gasimporten-trotz-iran-konfliktes-gestiegen,https://www.zeit.de/news/2026-07/04/lng-anteil-an-gasimporten-trotz-iran-konfliktes-gestiegen,0,www.zeit.de,Flüssigerdgas: LNG-Anteil an Gasimporten trotz Iran-Konfliktes gestiegen,Hier finden Sie Informationen zu dem Thema „Flüssigerdgas“. Lesen Sie jetzt „LNG-Anteil an Gasimporten trotz Iran-Konfliktes gestiegen“.,https://img.zeit.de/news/2026-07/04/lng-anteil-an-gasimporten-trotz-iran-konfliktes-gestiegen-image-group/wide__1300x731,2026-07-04T02:30:05Z,,Trotz des Iran-Kriegs ist der Anteil des über die deutschen LNG-Terminals eingeführten Erdgases am Gesamtimport weiter gestiegen. Nach Zahlen der Bundesnetzagentur (BNetzA) kamen im ersten Halbjahr r… [+3222 chars],,de,'Gas'
https://www.nzz.ch/feuilleton/musik/confessions-ii-madonna-feiert-die-klubkultur-ld.10013906,https://www.nzz.ch/feuilleton/musik/confessions-ii-madonna-feiert-die-klubkultur-ld.10013906,0,www.nzz.ch,Madonnas erstes Album seit sechs Jahren: Die Diva zieht sich in die Dunkelheit des Klubs zurück,"Lange Zeit hat sich die Sängerin als Trendsetterin behauptet, die sich selber stets weiterentwickelte. Das Album «Confessions on a Dance Floor II» hingegen zelebriert zeitlose Klubkultur.","https://img-msp-prod.nzz.ch/2026/07/03/ffe871a2-3baf-42c1-894e-3ea7347986dc.jpg?width=1200&height=674&fit=bounds&quality=75&auto=webp&crop=4500,2531,x0,y109&wmark=nzz",2026-07-04T03:30:00Z,,"Lange Zeit hat sich die Sängerin als Trendsetterin behauptet, die sich selber stets weiterentwickelte. Das Album «Confessions on a Dance Floor II» hingegen zelebriert zeitlose Klubkultur.
Zusammenfa… [+10098 chars]",,de,'Dunkelheit'
https://www.zeit.de/zeit-magazin/2026/29/granita-rezept-zitronenmelisse-zitronenverbene-rezept-wochenmarkt,https://www.zeit.de/zeit-magazin/2026/29/granita-rezept-zitronenmelisse-zitronenverbene-rezept-wochenmarkt,0,www.zeit.de,Granita: Halbgefrorenes ist nichts Halbgares,Gibt es etwas Besseres als Eis? Halbgefrorene Granita! Mit Kräutern vom Balkon ist sie schnell gemacht. In dieser Variante stecken Zitronenmelisse und Zitronenverbene.,https://img.zeit.de/zeit-magazin/2026/29/frischer-geht-s-nicht-bild-1/wide__1300x731,2026-07-04T03:37:08Z,,"Zitronenmelisse und Zitronenverbene sind die Attraktionen auf meinem Balkon für Bienen, Hummeln und Schmetterlinge, sie alle lieben die kleinen, eher unauffälligen Blüten. An heißen Tagen denke ich w… [+426 chars]",,de,'Eis'
https://www.urlaubspiraten.de/pauschalreisen/kreta-grecotel-meli-palace,https://www.urlaubspiraten.de/pauschalreisen/kreta-grecotel-meli-palace,0,www.urlaubspiraten.de, Kretastisch gut: All-Inclusive-Urlaub direkt am Meer!,"Herbstblues in Deutschland? Nicht euer Problem! Während zu Hause die Heizung angeworfen wird, verlängert ihr auf Kreta den Sommer. ☀️ Der Oktober ist für Familien die absolut beste Reisezeit für die Insel: Die extreme, drückende Sommerhitze ist vorbei, ab…",https://image.urlaubspiraten.de/720/image/upload/v1783073100/Impressions%20and%20Other%20Assets/c7eac320-e6ce-49f8-ab48-23126c7a81a6_ughygf.jpg,2026-07-04T11:30:00Z,,"Reisebeispiel für 2 Erw. + Kind
 Tipp: Im Buchungsprozess wird ein Gutscheincode eingeblendet, mit dem ihr, je nach Reisepreis, bis zu 80 Euro sofort sparen könnt. Akzeptiert die Cookies der Webseit… [+979 chars]",,de,'Heizung'
https://www.tagesspiegel.de/politik/sparzwange-im-bundeshaushalt-klingbeil-plant-kurzungen-von-finanzhilfen-im-klimafonds-15798884.html,https://www.tagesspiegel.de/politik/sparzwange-im-bundeshaushalt-klingbeil-plant-kurzungen-von-finanzhilfen-im-klimafonds-15798884.html,0,www.tagesspiegel.de,Sparzwänge im Bundeshaushalt: Klingbeil plant Kürzungen von Finanzhilfen im Klimafonds,Mit dem reduzierten Budget könnte es ab 2027 weniger Heizungsförderung geben. Bereits zugesagte Förderungen bleiben aber unberührt. Ziel ist mehr Effizienz.,https://www.tagesspiegel.de/images/15798949/alternates/BASE_16_9_W1400/1783168826000/bundesfinanzminister-klingbeil-besucht-tkms-werft.jpeg,2026-07-04T12:55:17Z,,Die Bundesregierung plant zur Konsolidierung des Haushalts den Abbau von Finanzhilfen  das könnte auch Kürzungen bei der Heizungsförderung zur Folge haben. Es solle bei Finanzhilfen aber keine Förder… [+6297 chars],,de,'Heizung'
https://www.faz.net/aktuell/rhein-main/wirtschaft/so-ueberpruefen-steuerfahnder-influencer-accg-200946455.html,https://www.faz.net/aktuell/rhein-main/wirtschaft/so-ueberpruefen-steuerfahnder-influencer-accg-200946455.html,0,www.faz.net,Finanzämter kontrollieren: So überprüfen Steuerfahnder  Influencer,"Luxus ohne Steuernummer, Hunde mit Betriebsausgaben und Geld von Tiktok fürs Eisbaden: Für Hessens Finanzämter werden Influencer zur Herausforderung. Was die Prüfungen besonders schwierig macht.",https://media0.faz.net/image/w1200h627/5db1827e5f8f/w6000h3135x0y120o/202606/43601.0.2231356121/alltag-eines-influencers-ein.webp,2026-07-04T13:56:36Z,,"Wer einen Wachhund einer geeigneten Rasse auf einem Betriebsgelände hat, kann das Futter womöglich von der Steuer absetzen doch was gilt für vierbeinige Stars in den sozialen Medien? Erkennt ein Fina… [+4460 chars]",,de,'Winter'
https://www.zeit.de/sport/2026-07/fussball-wm-heute-achtelfinale-frankreich-marokko,https://www.zeit.de/sport/2026-07/fussball-wm-heute-achtelfinale-frankreich-marokko,0,www.zeit.de,Fußball-WM heute: God bless das Achtelfinale,"Die USA feiern 250. Geburtstag, Paraguay spielt gegen Frankreich. Und gegen Marokko könnte Kanada als erster Gastgeber ausscheiden. Das bringt der WM-Abend.",https://img.zeit.de/sport/2026-07/a-tribute-to-america-on-the-national-mall-in-d-c-celebrates-america-s-250th-bild/wide__1300x731,2026-07-04T15:10:14Z,,"Inhalt
Auf einer Seite lesen
 Inhalt
<ol><li>Seite 1God bless das Achtelfinale
</li><li>Seite 2Das bringt der WM-Abend</li></ol>
Was ist das Spiel des Tages? 
Paraguay gegen Frankreich (23 Uhr,… [+3914 chars]",,de,'Handschuhe'
https://www.tagesschau.de/inland/innenpolitik/klingbeil-klimafonds-100.html,https://www.tagesschau.de/inland/innenpolitik/klingbeil-klimafonds-100.html,0,www.tagesschau.de,Haushaltsentwurf: Klingbeil will auch beim Klimafonds sparen,Die Bundesregierung will investieren - und muss sparen. Der Konsolidierungskurs von Finanzminister Klingbeil sieht auch Kürzungen beim Klima- und Transformationsfonds vor. Das könnte Einschnitte bei der Heizungsförderung zur Folge haben.,https://images.tagesschau.de/image/c6cf4965-be30-45ba-9318-87acf8c23ede/AAABngKr8ck/AAABnSSvrFg/16x9-big/klingbeil-338.jpg?width=1280,2026-07-04T15:33:12Z,,"Stand: 04.07.2026 17:33 Uhr
Die Bundesregierung will investieren - und muss sparen. Der Konsolidierungskurs von Finanzminister Klingbeil sieht auch Kürzungen beim Klima- und Transformationsfonds vor… [+3975 chars]",,de,'Heizung'
https://www.nzz.ch/nzz-am-sonntag/kinder-vielleicht-spaeter-was-frauen-umtreibt-die-ihre-eizellen-auf-eis-legen-ld.10010112,https://www.nzz.ch/nzz-am-sonntag/kinder-vielleicht-spaeter-was-frauen-umtreibt-die-ihre-eizellen-auf-eis-legen-ld.10010112,0,www.nzz.ch,"INTERVIEW - Kinder? Vielleicht später: Was Frauen umtreibt, die ihre Eizellen auf Eis legen","Die Zahl der Schweizerinnen, die ihre Eizellen konservieren lassen, hat sich seit 2019 vervierfacht. Die Gynäkologin Kerstin Blickenstorfer über die häufigsten Fruchtbarkeits-Irrtümer, das Leiden der jungen Frauen sowie die roten Linien der Reproduktionsmediz…","https://img-msp-prod.nzz.ch/2026/07/01/9a566579-5973-4b19-b8b4-b10e357cd32f.jpg?width=1200&height=675&fit=bounds&quality=75&auto=webp&crop=6000,3375,x0,y326&wmark=nzz",2026-07-05T03:30:00Z,,"Die Zahl der Schweizerinnen, die ihre Eizellen konservieren lassen, hat sich seit 2019 vervierfacht. Die Gynäkologin Kerstin Blickenstorfer über die häufigsten Fruchtbarkeits-Irrtümer, das Leiden der… [+11931 chars]",,de,'Eis'
https://www.zeit.de/zeit-magazin/wochenmarkt/2026-06/karamellisierte-lemon-possets-backen-sonntag-rezept,https://www.zeit.de/zeit-magazin/wochenmarkt/2026-06/karamellisierte-lemon-possets-backen-sonntag-rezept,0,www.zeit.de,Karamellisierte Lemon Possets: Reif von der Insel,"Mehr kann man aus drei Zutaten nicht herausholen: Lemon Possets, ein britisches Dessert aus dem Mittelalter, sind zeitlos schön. Vor allem in Zitronenschalen serviert.",https://img.zeit.de/zeit-magazin/wochenmarkt/2026-06/karamellisierte-lemon-possets-bild/wide__1300x731,2026-07-05T06:51:01Z,,"Diese erfrischenden Lemon Possets bestehen aus gerade
einmal drei Zutaten und werden direkt in den ausgehöhlten Zitronenschalen
serviert. An heißen Sommertagen spart man sich so nicht nur die Backo… [+870 chars]",,de,'Reif'
https://www.computerbase.de/news/audio-video-foto/cb-fotowettbewerb-der-juli-fuehrt-in-die-metaphorische-dunkelheit.98239/,https://www.computerbase.de/news/audio-video-foto/cb-fotowettbewerb-der-juli-fuehrt-in-die-metaphorische-dunkelheit.98239/,0,www.computerbase.de,CB-Fotowettbewerb: Der Juli führt in die (metaphorische) Dunkelheit,"Der monatliche Fotowettbewerb der ComputerBase-Community geht in die nächste Runde. Im Juli 2026 werden Aufnahmen zum Thema „Dunkle Wege“ gesucht. Bilder können wie üblich bis zum 20. Tag des Monats eingereicht werden, dann beginnt die Abstimmung innerhalb de…",https://pics.computerbase.de/1/2/3/6/2/2-1ec6ce5b91707771/article-1280x720.90967d58.jpg,2026-07-05T07:00:00Z,,Der monatliche Fotowettbewerb der ComputerBase-Community geht in die nächste Runde. Im Juli 2026 werden Aufnahmen zum Thema Dunkle Wege gesucht. Bilder können wie üblich bis zum 20. Tag des Monats ei… [+2483 chars],,de,'Dunkelheit'
https://www.diepresse.com/34945807/wer-nicht-zur-marille-faehrt-hat-keine-heimat,https://www.diepresse.com/34945807/wer-nicht-zur-marille-faehrt-hat-keine-heimat,0,www.diepresse.com,"Wer nicht zur Marille fährt, hat keine Heimat","Zuerst das Bangen vor den Frostnächten und dem Hagel, dann Ausnahmezustand während der Ernte: vom Leben mit der Marille, der Prinzessin unter den Früchten.",https://img.diepresse.com/public/incoming/oyujmv-Marillen/alternates/WEBP_WIDE_1200/Marillen,2026-07-05T08:54:20Z,,"Die Presse auf Google als bevorzugte Nachrichtenquelle hinzufügen.
 Es gibt eine Zeit, da fährt jeder nach Hause. Zu Weihnachten kommen auch jene zurück, die weit weggezogen sind, wenn es irgendwie … [+3463 chars]",,de,'Frost'
https://www.welt.de/wirtschaft/article6a48f6a8ad32e994f875b487/reisen-eis-espresso-sonnencreme-so-viel-kostet-der-urlaub-im-ausland-wirklich.html,https://www.welt.de/wirtschaft/article6a48f6a8ad32e994f875b487/reisen-eis-espresso-sonnencreme-so-viel-kostet-der-urlaub-im-ausland-wirklich.html,0,www.welt.de,"Eis, Espresso, Sonnencreme – so viel kostet der Urlaub im Ausland wirklich","Viele Urlauber beurteilen ein Reiseland nach dem Preis von bestimmten Produkten. Solche sogenannten Ankerpreise vermitteln oft ein verzerrtes Bild der tatsächlichen Lebenshaltungskosten. WELT zeigt, wo Urlauber tiefer in die Tasche greifen müssen – und für wa…",https://images.welt.de/6a48f6a8ad32e994f875b487/45e0e89a01012a71915578570ce37148-master/ci16x9-w1200/gettyimages-1289571950-jpg,2026-07-05T12:09:13Z,,"Viele Urlauber beurteilen ein Reiseland nach dem Preis von bestimmten Produkten. Solche sogenannten Ankerpreise vermitteln oft ein verzerrtes Bild der tatsächlichen Lebenshaltungskosten. WELT zeigt, … [+3599 chars]",,de,'Eis'
https://www.morgenpost.de/berlin/article412494048/nach-stromausfall-im-januar-expertenkommission-legt-bericht-vor.html,https://www.morgenpost.de/berlin/article412494048/nach-stromausfall-im-januar-expertenkommission-legt-bericht-vor.html,0,www.morgenpost.de,Nach Stromausfall im Januar – Expertenkommission legt Bericht vor,100.000 Menschen ohne Strom und Heizung: Berlin präsentiert heute die Lehren aus dem tagelangen Blackout Anfang des Jahres.,https://img.sparknews.funkemedien.de/412494047/412494047_1783321163_v16_9_1600.jpeg,2026-07-06T06:59:21Z,,Monate nach dem tagelangen Stromausfall in Berlin zieht eine Expertenkommission am Montag offiziell Bilanz. Ab 11.30 Uhr stellt das vom Senat Ende Januar eingesetzte Gremium seinen Bericht im Roten R… [+1084 chars],,de,'Heizung'
https://www.bild.de/sport/fussball/reif-abrechnung-mit-trump-da-denkst-du-irgendein-is-typ-redet-da-6a4b651c7bfb3e5e95d17185,https://www.bild.de/sport/fussball/reif-abrechnung-mit-trump-da-denkst-du-irgendein-is-typ-redet-da-6a4b651c7bfb3e5e95d17185,0,www.bild.de,"Reif-Abrechnung mit Trump - „Da denkst du, irgendein IS-Typ redet da!“",Marcel Reif rechnet schonungslos mit Donald Trump ab!,"https://images.bild.de/6a4b651c7bfb3e5e95d17185/7282322bc4432649d35011ba9621c1a5,d57194b7?w=1280",2026-07-06T09:46:51Z,,"+++UEFA schießt gegen FIFA: Unbegreifliche Entscheidung im Rote-Karte-Skandal 
+++UEFA schießt gegen FIFA: Unbegreifliche Entscheidung im Rote-Karte-Skandal 
+++UEFA schießt gegen FIFA: Unbegreifli… [+597 chars]",,de,'Reif'
https://www.bild.de/sport/fussball/fifa-fiasko-und-tuchel-triumph-jetzt-hier-reif-ist-live-schauen-6a4b494bad32e994f875cf28,https://www.bild.de/sport/fussball/fifa-fiasko-und-tuchel-triumph-jetzt-hier-reif-ist-live-schauen-6a4b494bad32e994f875cf28,0,www.bild.de,Reif ist Live vom 06.07.26 - Fifa-Fiasko und Tuchel-Triumph,Eine neue Folge „Reif ist live“ mit Marcel Reif und Moderator Filip Thiel.,"https://images.bild.de/6a4b494bad32e994f875cf28/7c9cc9c56593741ee60b89252824f001,cbb552b7?w=1280",2026-07-06T10:11:28Z,,"Mehr zum Video anzeigen 
Eine neue Folge Reif ist live mit Marcel Reif und Moderator Filip Thiel.
Quelle: BILD06.07.2026 - 12:11 Uhr",,de,'Reif'
https://www.bild.de/sport/fussball/nach-fifa-skandal-klopp-vorschlag-sorgt-fuer-verwunderung-6a4b65537bfb3e5e95d1718d,https://www.bild.de/sport/fussball/nach-fifa-skandal-klopp-vorschlag-sorgt-fuer-verwunderung-6a4b65537bfb3e5e95d1718d,0,www.bild.de,Nach Fifa-Skandal - Klopp-Vorschlag sorgt für Verwunderung,Jürgen Klopp hat einen Vorschlag an USA-Trainer Pochettino. Marcel Reif glaubt nicht so wirklich dran.,"https://images.bild.de/6a4b65537bfb3e5e95d1718d/8b8cdfadc76bb74997a1132e64c9f205,7e286d3e?w=1280",2026-07-06T13:08:37Z,,"+++Medienbericht: Kanada kauft deutsche U-Boote für 61 Milliarden Euro
+++Medienbericht: Kanada kauft deutsche U-Boote für 61 Milliarden Euro
+++Medienbericht: Kanada kauft deutsche U-Boote für 61 … [+518 chars]",,de,'Reif'
https://www.morgenpost.de/politik/article412499694/elterngeld-heizung-gesundheit-wen-klingbeils-streichliste-trifft.html,https://www.morgenpost.de/politik/article412499694/elterngeld-heizung-gesundheit-wen-klingbeils-streichliste-trifft.html,0,www.morgenpost.de,"Elterngeld, Heizung, Gesundheit: Wen Klingbeils Streichliste trifft","Der Finanzminister stellt seinen Haushalt vor und spricht von „harten Entscheidungen“. Mal spart Klingbeil, mal erhöht er Steuern.",https://img.sparknews.funkemedien.de/412499927/412499927_1783350619_v16_9_1600.jpeg,2026-07-06T15:10:20Z,,Die Zahlen sind wuchtig: 555 Milliarden Euro soll der Bundeshaushalt im kommenden Jahr umfassen rund 30 Milliarden mehr als 2026. Allein für Verteidigung rechnet Bundesfinanzminister Lars Klingbeil (… [+6704 chars],,de,'Heizung'
https://taz.de/Leben-mit-Hitze/!6187924/,https://taz.de/Leben-mit-Hitze/!6187924/,0,taz.de,Leben mit Hitze: Last exit Badezimmer,"Niemand muss unter Hitze leiden. Es gibt Möglichkeiten, Wohnungen gegen Hitze zu präparieren. Schließlich haben wir ja auch Heizungen gegen die Kälte.",https://taz.de/picture/8589168/1200/41573145.jpeg,2026-07-07T05:39:00Z,,"Niemand muss unter Hitze leiden. Es gibt Möglichkeiten, Wohnungen gegen Hitze zu präparieren. Schließlich haben wir ja auch Heizungen gegen die Kälte. mehr...",,de,'Kälte'
https://www.tagesschau.de/inland/foerderung-klimafreundliches-heizen-100.html,https://www.tagesschau.de/inland/foerderung-klimafreundliches-heizen-100.html,0,www.tagesschau.de,Regierung will Förderung von klimafreundlichen Heizungen kürzen,"Die staatliche Unterstützung beim Heizungstausch könnte insbesondere für Gutverdiener bald deutlich niedriger ausfallen. Um zu sparen, will die Regierung Förderungen kürzen - und stärker nach sozialen Faktoren ausrichten.",https://images.tagesschau.de/image/5b1c3885-5760-4c3f-9f3f-52933de8667d/AAABnJDnJSA/AAABnSSvrFg/16x9-big/heizung-160.jpg?width=1280,2026-07-07T10:16:56Z,,"Stand: 07.07.2026 12:16 Uhr
Die staatliche Unterstützung beim Heizungstausch könnte insbesondere für Gutverdiener bald deutlich niedriger ausfallen. Um zu sparen, will die Regierung Förderungen kürz… [+1713 chars]",,de,'Heizung'
https://www.welt.de/politik/deutschland/article6a4ccc766a7f426d55f8b28b/heizung-regierung-will-foerderung-fuer-waermepumpen-noch-dieses-jahr-kuerzen.html,https://www.welt.de/politik/deutschland/article6a4ccc766a7f426d55f8b28b/heizung-regierung-will-foerderung-fuer-waermepumpen-noch-dieses-jahr-kuerzen.html,0,www.welt.de,Bundesregierung kürzt Förderung für Wärmepumpen offenbar noch dieses Jahr,Noch in diesem Jahr soll die Fördersumme für den Einbau klimafreundlicher Heizungen sinken. Das geht aus einer Vorlage der Bundesregierung für den Haushaltsausschuss hervor. Familien sollen besser gestellt werden.,https://images.welt.de/6a4ccc766a7f426d55f8b28b/8592f339fc1eac90794a6b30453dddbd-master/ci16x9-w1200/dpa-com-60679804-1-jpg,2026-07-07T10:31:42Z,,Noch in diesem Jahr soll die Fördersumme für den Einbau klimafreundlicher Heizungen sinken. Das geht aus einer Vorlage der Bundesregierung für den Haushaltsausschuss hervor. Familien sollen besser ge… [+2233 chars],,de,'Heizung'
https://www.faz.net/aktuell/sport/sportpolitik/desg-krise-athleten-deutschland-fordert-ruecktritt-von-eisschnelllauf-praesidium-201005651.html,https://www.faz.net/aktuell/sport/sportpolitik/desg-krise-athleten-deutschland-fordert-ruecktritt-von-eisschnelllauf-praesidium-201005651.html,0,www.faz.net,Frustrierte Sportler: Athleten Deutschland fordert Rücktritt der DESG-Spitze,Die Deutsche Eisschnelllauf-Gemeinschaft will Sportler aus Erfurt zu einem Standortwechsel zwingen. Doch die wehren sich. Toptalent Finn Sonnekalb droht mit einem Wechsel ins Ausland.,https://media0.faz.net/image/w1200h627/66699198bf49/w2001h1045x0y106o/202602/43601.0.1831160361/zum-ruecktritt-aufgefordert.webp,2026-07-07T12:24:06Z,,"Athleten Deutschland fordert den Rücktritt aller Präsidiumsmitglieder der Deutschen Eisschnelllauf-Gemeinschaft (DESG). Sollte das Präsidium diesen Schritt nicht gehen, heißt es in einer Mitteilung d… [+2836 chars]",,de,'Eis'
https://www.n-tv.de/politik/Gebaeudetyp-E-kommt-und-soll-das-Bauwesen-ankurbeln-id31059221.html,https://www.n-tv.de/politik/Gebaeudetyp-E-kommt-und-soll-das-Bauwesen-ankurbeln-id31059221.html,0,www.n-tv.de,"Gesetz steht: ""Gebäudetyp E"" kommt und soll das Bauwesen ankurbeln","Dünnere Decken, etwas hellhöriger, Treppenhäuser ohne Heizung und mehr Sichtbeton: Mit reduzierten Bauvorschriften sollen die Wohnungsnot gelindert und das Bautempo gesteigert werden. Dazu müssen Bauherren, Architekten und Baufirmen einen Deal schließen.",https://www.n-tv.de/img/31059209/1783444871/Img_16_9/1200/Blick-auf-ein-Mehrparteienhaus-das-als-sogenannter-Gebaeudetyp-E-errichtet-wurde-also-unter-Verzicht-auf-die-Einhaltung-von-gesetzlich-nicht-zwingenden-Baustandards.jpg,2026-07-07T15:41:40Z,,"Schlankere Neubauten sollen das Bauen preiswerter und damit attraktiver machen. (Foto: picture alliance/dpa)
Dünnere Decken, etwas hellhöriger, Treppenhäuser ohne Heizung und mehr Sichtbeton: Mit re… [+2357 chars]",,de,'Heizung'
https://www.faz.net/aktuell/wirtschaft/klima-nachhaltigkeit/waermepumpenfoerderung-was-auf-hauseigentuemer-zukommt-201005343.html,https://www.faz.net/aktuell/wirtschaft/klima-nachhaltigkeit/waermepumpenfoerderung-was-auf-hauseigentuemer-zukommt-201005343.html,0,www.faz.net,Sparpläne: Schnell noch eine Wärmepumpe kaufen?,Zu Ampelzeiten waren die Zuschüsse für den Heizungstausch vor allem der Union ein Dorn im Auge. Jetzt soll die Förderung deutlich sinken. Was auf Hauseigentümer zukommt.,https://media0.faz.net/image/w1200h627/1e5bb81c1387/w3000h1567x0y216o/202403/43601.0.233162761/der-einbau-klimafreundlicher.webp,2026-07-07T17:00:50Z,,"Völlig überdimensioniert: Im Bundestagswahlkampf 2025 trat CSU-Chef Markus Söder als einer der schärfsten Kritiker der Wärmepumpenförderung auf. Um mindestens 50 Prozent, wenn nicht mehr könne diese … [+5302 chars]",,de,'Heizung'
https://www.bild.de/sport/mehr-sport/biathlon-star-liebt-ski-langlaeufer-neues-traumpaar-des-wintersports-6a4cf783cc64e7e4fc39ae17,https://www.bild.de/sport/mehr-sport/biathlon-star-liebt-ski-langlaeufer-neues-traumpaar-des-wintersports-6a4cf783cc64e7e4fc39ae17,0,www.bild.de,Biathletin und Langläufer - Neues Liebespaar im Wintersport,Die norwegische Biathletin Juni Arenkleiv (27) hat ihre Beziehung zu dem Ski-Langläufer Aron Aakre Rysstadt (27) öffentlich bekanntgemacht.,"https://images.bild.de/6a4cf783cc64e7e4fc39ae17/5c7088a289a23e934f20f8fc3a8381c2,275be3b3?w=1280",2026-07-07T18:15:29Z,,TTS-Player überspringenArtikel weiterlesenLässt diese Liebe im Winter den Schnee schmelzen? Die norwegische Biathletin Juni Arenkleiv (27) hat ihre Beziehung zu dem Ski-Langläufer Aron Aakre Rysstad … [+2039 chars],,de,'Winter'
https://www.tagesschau.de/inland/innenpolitik/heizungsgesetz-aenderungen-foerdergeld-100.html,https://www.tagesschau.de/inland/innenpolitik/heizungsgesetz-aenderungen-foerdergeld-100.html,0,www.tagesschau.de,Weniger Förderung: Wieder Änderungen im Heizkeller,Die Koalition muss sparen - und will das auch bei der Förderung von klimafreundlichen Heizungen tun. Weniger Geld gibt es vor allem für Haushalte mit hohem Einkommen. Zudem wird der Einbau neuer Öl- und Gasheizungen wieder erlaubt. Von Jakob Mayr.,https://images.tagesschau.de/image/d8b5a7e4-49ed-4daa-8453-7287a92960dc/AAABnhyv194/AAABnSSvrFg/16x9-big/heizungsbauer-keller-100.jpg?width=1280,2026-07-07T18:28:36Z,,"Stand: 07.07.2026 20:28 Uhr
Die Koalition muss sparen - und will das auch bei der Förderung von klimafreundlichen Heizungen tun. Weniger Geld gibt es vor allem für Haushalte mit hohem Einkommen. Zud… [+4142 chars]",,de,'Heizung'
https://www.bild.de/sport/fussball/manipulations-vorwuerfe-gegen-fifa-sie-wollen-dass-messi-im-turnier-bleibt-6a4e0add1c78fa1dc68a1052,https://www.bild.de/sport/fussball/manipulations-vorwuerfe-gegen-fifa-sie-wollen-dass-messi-im-turnier-bleibt-6a4e0add1c78fa1dc68a1052,0,www.bild.de,"Manipulations-Vorwürfe gegen Fifa - „Sie wollen, dass Messi im Turnier bleibt“",In der neuen Ausgabe „Reif ist Live“ äußert sich Marcel Reif zu den Manipulationsvorwürfen des ägyptischen Trainers.,"https://images.bild.de/6a4e0add1c78fa1dc68a1052/3c08a5ac9dcba209e44dffcec7bf0ba9-landscape,e057f31a?w=1280",2026-07-08T09:54:48Z,,"Mehr zum Video anzeigen 
In der neuen Ausgabe Reif ist Live äußert sich Marcel Reif zu den Manipulationsvorwürfen des ägyptischen Trainers.
Quelle: BILD08.07.2026 - 12:08 Uhr",,de,'Reif'
https://www.bild.de/sport/fussball/das-ist-zu-viel-messis-trainer-bricht-interview-ab-6a4e0a73bb0cf80de56a1e86,https://www.bild.de/sport/fussball/das-ist-zu-viel-messis-trainer-bricht-interview-ab-6a4e0a73bb0cf80de56a1e86,0,www.bild.de,„Das ist zu viel“ - Messis Trainer bricht Interview ab,In der neuen Folge „Reif ist Live“ geht es unter anderem um den Comeback-Sieg der Argentinier und eine besondere Szene nach dem Spiel.,"https://images.bild.de/6a4e0a73bb0cf80de56a1e86/88b8728b3dbc021b6f8ea0b88e881193-landscape,207d35de?w=1280",2026-07-08T10:04:28Z,,"Mehr zum Video anzeigen 
In der neuen Folge Reif ist Live geht es unter anderem um den Comeback-Sieg der Argentinier und eine besondere Szene nach dem Spiel.
Quelle: BILD08.07.2026 - 12:08 Uhr",,de,'Reif'
https://www.bild.de/sport/fussball/jetzt-hier-reif-ist-live-gucken-messi-wahnsinn-und-aegypten-vorwuerfe-6a4de794dfc0c82fa2909ca1,https://www.bild.de/sport/fussball/jetzt-hier-reif-ist-live-gucken-messi-wahnsinn-und-aegypten-vorwuerfe-6a4de794dfc0c82fa2909ca1,0,www.bild.de,Reif ist live vom 08.07.26 - Messi-Wahnsinn und Ägypten-Vorwürfe,Eine neue Folge „Reif ist live“ mit Kommentatoren-Legende Marcel Reif.,"https://images.bild.de/6a4de794dfc0c82fa2909ca1/7c9cc9c56593741ee60b89252824f001,cbb552b7?w=1280",2026-07-08T10:10:13Z,,"Mehr zum Video anzeigen 
Eine neue Folge Reif ist live mit Kommentatoren-Legende Marcel Reif.
Quelle: BILD08.07.2026 - 12:10 Uhr",,de,'Reif'
https://www.derstandard.at/story/3000000330589/warum-europas-baeume-absterben-selbst-nach-guten-jahren,https://www.derstandard.at/story/3000000330589/warum-europas-baeume-absterben-selbst-nach-guten-jahren,0,www.derstandard.at,Warum Europas Bäume absterben – selbst nach guten Jahren,"Eine Studie an französischen Wäldern zeigt, dass nicht nur Dürre und Hitze das Baumsterben antreiben. Auch milde Winter und feuchte Frühjahre erhöhen das Risiko",https://i.ds.at/l1Ezyg/rs:fill:1200:600/plain/lido-images/2026/07/08/80f77f40-dbac-44e3-84ad-48a5ab1e7211.jpg,2026-07-08T10:12:00Z,,"Sie entscheiden darüber, wie Sie unsere Inhalte nutzen wollen. Ihr Gerät erlaubt uns derzeit leider nicht, die entsprechenden Optionen anzuzeigen.
Bitte deaktivieren Sie sämtliche Hard- und Software… [+180 chars]",,de,'Winter'
https://www.bild.de/sport/fussball/ermuedend-raetsel-um-diesen-voeller-satz-6a4e0b681c78fa1dc68a108d,https://www.bild.de/sport/fussball/ermuedend-raetsel-um-diesen-voeller-satz-6a4e0b681c78fa1dc68a108d,0,www.bild.de,„Ermüdend“ - Rätsel um diesen Völler-Satz,In „Reif ist Live“ geht es auch um die Nachfolge von Julian Nagelsmann. Ein Rudi-Völler-Satz stößt Marcel Reif dabei sauer auf.,"https://images.bild.de/6a4e0b681c78fa1dc68a108d/08572ba69134edacf3b182def2e99e07-landscape,e57df6ac?w=1280",2026-07-08T10:16:44Z,,"Mehr zum Video anzeigen 
In Reif ist Live geht es auch um die Nachfolge von Julian Nagelsmann. Ein Rudi-Völler-Satz stößt Marcel Reif dabei sauer auf. 
Quelle: BILD08.07.2026 - 12:16 Uhr",,de,'Reif'
https://www.bild.de/sport/fussball/sv-elversberg-wechsel-von-cole-campbell-fast-perfekt-6a4ded94bb0cf80de56a1c38,https://www.bild.de/sport/fussball/sv-elversberg-wechsel-von-cole-campbell-fast-perfekt-6a4ded94bb0cf80de56a1c38,0,www.bild.de,Campbell so gut wie da - Doch auf diesen Star verzichtet die SVE wohl,Bereits im Winter hatte die SV Elversberg ihre Fühler nach Dortmunds Cole Campbell (20) ausgestreckt. Bei einem anderen verzichtet man aber wohl.,"https://images.bild.de/6a4ded94bb0cf80de56a1c38/9ecf0dfb15677889678d297b761bf912,1fb867b?w=1280",2026-07-08T11:01:55Z,,"Cole Campbell steht vor einem langfristigen Vertrag in Elversberg, der BVB sicherte sich dennoch eine Rückkaufoption. Gleichzeitig bastelt der Bundesliga-Aufsteiger weiter intensiv am Kader und das h… [+145 chars]",,de,'Winter'
https://www.faz.net/aktuell/rhein-main/region-und-hessen/hojicha-loest-dieser-japanische-tee-den-matcha-hype-ab-accg-200978810.html,https://www.faz.net/aktuell/rhein-main/region-und-hessen/hojicha-loest-dieser-japanische-tee-den-matcha-hype-ab-accg-200978810.html,0,www.faz.net,Hojicha: Löst dieser Tee den Matcha-Hype ab?,Matcha kennt inzwischen jeder. Doch in den Cafés und Eisdielen rückt ein anderer japanischer Grüntee in den Fokus: Hojicha. Warum der geröstete Tee selbst Kaffeetrinker überzeugt.,https://media0.faz.net/image/w1200h627/99c8925a9990/w8192h4280x0y592o/202607/43601.0.2292414661/japan-im-glas-hojicha-latte.webp,2026-07-08T11:41:47Z,,"Ja, es gibt sie tatsächlich: Menschen, die sich im Jahr 2026 outen und offen dazu bekennen, keinen Matcha zu mögen. Aussagen wie schmeckt nach Wiese, nach Gras oder einfach nur bitter sind dabei gar … [+9319 chars]",,de,'Eis'
https://www.bild.de/sport/fussball/moderatorin-spricht-es-an-fehlt-dem-dfb-ein-echter-top-star-6a4e0b1ddfc0c82fa2909ee4,https://www.bild.de/sport/fussball/moderatorin-spricht-es-an-fehlt-dem-dfb-ein-echter-top-star-6a4e0b1ddfc0c82fa2909ee4,0,www.bild.de,Moderatorin spricht es an - Fehlt dem DFB ein echter Top-Star?,"In „Reif ist Live“ spricht Marcel Reif aus, welcher Spielertyp dem DFB fehlt.","https://images.bild.de/6a4e0b1ddfc0c82fa2909ee4/df171ede5eacff5ba2082d0b2fcc5e3b,e980340a?w=1280",2026-07-08T11:56:06Z,,"+++Schwerverletzte! Großeinsatz an Gymnasium in Bayern
+++Schwerverletzte! Großeinsatz an Gymnasium in Bayern
+++Schwerverletzte! Großeinsatz an Gymnasium in Bayern
+++Schwerverletzte! Großeinsatz… [+358 chars]",,de,'Reif'
https://www.bild.de/sport/fussball/weltmeister-2014-naechster-wm-experte-zum-dfb-6a4e0b831c78fa1dc68a109a,https://www.bild.de/sport/fussball/weltmeister-2014-naechster-wm-experte-zum-dfb-6a4e0b831c78fa1dc68a109a,0,www.bild.de,Weltmeister 2014 - Nächster WM-Experte zum DFB?,In „Reif ist Live“ diskutieren Marcel Reif und Joena Wohlenberg über den DFB und wie er sich in Zukunft aufstellt.,"https://images.bild.de/6a4e0b831c78fa1dc68a109a/be24b89fc7f297da75f7c84ed3d34b2b-landscape,70e86e63?w=1280",2026-07-08T12:38:05Z,,"+++Nato-Staaten versprechen Ukraine bei Gipfel Milliardenbetrag
+++Nato-Staaten versprechen Ukraine bei Gipfel Milliardenbetrag
+++Nato-Staaten versprechen Ukraine bei Gipfel Milliardenbetrag
+++N… [+448 chars]",,de,'Reif'
https://www.zeit.de/news/2026-07/08/nach-spitzengespraech-zoff-im-eisschnelllauf-vorerst-auf-eis,https://www.zeit.de/news/2026-07/08/nach-spitzengespraech-zoff-im-eisschnelllauf-vorerst-auf-eis,0,www.zeit.de,Warten auf Strukturgespräche: Nach Spitzengespräch: Zoff im Eisschnelllauf vorerst auf Eis,Hier finden Sie Informationen zu dem Thema „Warten auf Strukturgespräche“. Lesen Sie jetzt „Nach Spitzengespräch: Zoff im Eisschnelllauf vorerst auf Eis“.,https://img.zeit.de/news/2026-07/08/nach-spitzengespraech-zoff-im-eisschnelllauf-vorerst-auf-eis-image-group/wide__1300x731,2026-07-08T15:56:48Z,,"Der Zoff im deutschen Eisschnelllauf zwischen der Verbandsspitze und Kadersportlern aus Erfurt liegt vorerst auf Eis. Wie Babette Kibele, Abteilungsleiterin im Bundeskanzleramt bei einer Sitzung des … [+2697 chars]",,de,'Eis'
https://www.n-tv.de/politik/Bund-kuerzt-Foerderung-fuer-den-Heizungstausch-id31064624.html,https://www.n-tv.de/politik/Bund-kuerzt-Foerderung-fuer-den-Heizungstausch-id31064624.html,0,www.n-tv.de,Kosten für Installation zu hoch?: Bund kürzt Förderung für den Heizungstausch,"Der Bund fördert den Heizungstausch. Doch der Zuschuss soll sinken - und das für Neuanträge praktisch sofort. Das soll einerseits den Haushalt entlasten. Andererseits aber auch die Branche zwingen, effektiver zu arbeiten.",https://www.n-tv.de/img/31064619/1783535881/Img_16_9/1200/Ein-Mitarbeiter-arbeitet-in-der-Endmontage-einer-Waermepumpe-im-Werk-Hoexter-von-Stiebel-Eltron-beim-Start-der-Waermepumpenfertigung-Stiebel-Eltron-produziert-nach-eigenen-Angaben-nun-auch-am-Standort-Hoexter-hocheffiziente-Waermepumpen-der-neusten-Generation.jpg,2026-07-08T17:14:00Z,,"Der Bund fördert den Heizungstausch. Doch der Zuschuss soll sinken - und das für Neuanträge praktisch sofort. Das soll einerseits den Haushalt entlasten. Andererseits aber auch die Branche zwingen, e… [+2932 chars]",,de,'Heizung'
https://www.spektrum.de/podcast/geschichte-driftende-kontinente-und-expeditionen-ins-eis/2333275,https://www.spektrum.de/podcast/geschichte-driftende-kontinente-und-expeditionen-ins-eis/2333275,0,www.spektrum.de,Driftende Kontinente und Expeditionen ins Eis,In dieser Folge des Podcasts »Geschichten aus der Geschichte« erzählt Daniel eine Geschichte über Polarforscher und Kontinentaldrift-Entdecker Alfred Wegener. ️,https://static.spektrum.de/fm/912/f1920x1080/iStock-1207139875.jpg,2026-07-09T05:23:37Z,,"Ein Podcast von 
Am 1. November 1930 bricht Alfred Wegener, an seinem 50 Geburtstag, mit Rasmus Villumsen von der Forschungsstation »Eismitte« in Grönland auf, zur 400 Kilometer entfernten Station a… [+397 chars]",,de,'Eis'
https://www.welt.de/iconist/familie/plus6a44f8d6650749238cdc704f/erziehung-warum-grenzen-setzen-das-groesste-geschenk-fuer-kinder-ist.html,https://www.welt.de/iconist/familie/plus6a44f8d6650749238cdc704f/erziehung-warum-grenzen-setzen-das-groesste-geschenk-fuer-kinder-ist.html,0,www.welt.de,"„Ich habe ihm ein Eis versprochen, damit er zur Schule geht“","Viele Eltern verstehen heute falsch, was Liebe zu ihren Kindern wirklich ausmacht. Nämlich nicht, immer wieder nachzugeben. Sondern ihnen Frust und Wut zu ermöglichen. Wann es besonders wichtig ist, konsequent zu bleiben.",https://images.welt.de/6a44f8d6650749238cdc704f/f9ef733e667e2907d8407d55625b50e3-master/ci16x9-w1200/gettyimages-2201663815-jpg,2026-07-09T05:23:50Z,,"Viele Eltern verstehen heute falsch, was Liebe zu ihren Kindern wirklich ausmacht. Nämlich nicht, immer wieder nachzugeben. Sondern ihnen Frust und Wut zu ermöglichen. Wann es besonders wichtig ist, … [+21 chars]",,de,'Eis'
https://www.golem.de/sonstiges/zustimmung/auswahl.html?from=https://www.golem.de/news/gleichmaessige-stromproduktion-alpiner-solarstrom-fliesst-auch-im-winter-2607-210678.html&referer=https://t.co/c82ab6944b,https://www.golem.de/sonstiges/zustimmung/auswahl.html?from=https://www.golem.de/news/gleichmaessige-stromproduktion-alpiner-solarstrom-fliesst-auch-im-winter-2607-210678.html&referer=https://t.co/c82ab6944b,0,www.golem.de,Gleichmäßige Stromproduktion: Alpiner Solarstrom fließt auch im Winter,"Eine Solaranlage auf 2.500 m Höhe liefert ganzjährig gleichmäßigen Strom. Gleichzeitig liegt ihr Ertrag 50 Prozent höher als der Durchschnitt. (Solarenergie, Energiewende)",,2026-07-09T07:45:02Z,,"Besuchen Sie Golem.de wie gewohnt mit Werbung und Tracking,
 indem Sie der Nutzung aller Cookies zustimmen.
 Details zum Tracking finden Sie im Privacy Center.
Skript wurde nicht geladen. Informat… [+607 chars]",,de,'Winter'
https://www.focus.de/sport/radsport/gesund-ist-anders-wie-fahrer-bei-tour-de-france-gegen-extrem-hitze-kaempfen_b9d68128-99d9-41b5-903f-a75ca9de2630.html,https://www.focus.de/sport/radsport/gesund-ist-anders-wie-fahrer-bei-tour-de-france-gegen-extrem-hitze-kaempfen_b9d68128-99d9-41b5-903f-a75ca9de2630.html,0,www.focus.de,„Gesund ist anders“: Wie Fahrer bei Tour de France gegen Extrem-Hitze kämpfen,"Mehr als 40 Grad, Eiswürfel im Nacken und Diskussionen um verkürzte Etappen: Wie die Tour-de-France-Fahrer gegen die extreme Hitze kämpfen.","https://quadro.burda-forward.de/ctf/54d66e44-dc3b-4619-b316-4807bd4271fb.5a68f036-ccba-46f2-a9f0-4bc90b98b79d.jpeg?im=RegionOfInterestCrop=(1200,630),regionOfInterest=(999,556)&hash=b9150b9e586819c694a3c02cdcc1c3a56ce23e9b396aed6c527fb2b14c0b3acf",2026-07-09T09:53:00Z,,Die heftige Hitzewelle im Süden von Frankreich bringt auch die Radprofis bei der 113. Tour de France an ihre Grenzen und eine Debatte über die Folgen für den Körper und mögliche Veränderungen ist im … [+2440 chars],,de,'Eis'
https://www.zeit.de/politik/ausland/2026-07/stromausfall-nuklearer-elektromagnetischer-impuls-iran-russland-nordkorea,https://www.zeit.de/politik/ausland/2026-07/stromausfall-nuklearer-elektromagnetischer-impuls-iran-russland-nordkorea,0,www.zeit.de,Stromausfall durch NEMP: Mit einem Angriff in die digitale Dunkelheit,Wie gut wären wir auf einen großflächigen  Strom- und Internetausfall vorbereitet? Das Risiko dafür ist hoch wie nie: durch die Militarisierung des Weltraums.,https://img.zeit.de/politik/ausland/2026-07/stromausfall-nuklearer-elektromagnetischer-impuls-iran-russland-nordkorea-bild/wide__1300x731,2026-07-09T10:31:49Z,,"Plötzlich erlischt das
Licht in der Wohnung, der Strom ist weg. Auch die Smartphones sind aus und
lassen sich nicht mehr einschalten. Eine Familie sitzt in einer deutschen
Großstadt beim Abendesse… [+675 chars]",,de,'Dunkelheit'
https://www.zeit.de/news/2026-07/09/linke-scheitert-mit-klage-gegen-neues-heizungsgesetz,https://www.zeit.de/news/2026-07/09/linke-scheitert-mit-klage-gegen-neues-heizungsgesetz,0,www.zeit.de,Bundesverfassungsgericht: Linke scheitert mit Klage gegen neues Heizungsgesetz,Hier finden Sie Informationen zu dem Thema „Bundesverfassungsgericht“. Lesen Sie jetzt „Linke scheitert mit Klage gegen neues Heizungsgesetz“.,https://img.zeit.de/news/2026-07/09/linke-scheitert-mit-klage-gegen-neues-heizungsgesetz-image-group/wide__1300x731,2026-07-09T11:09:41Z,,"Die Bundestagsfraktion der Linken ist in Karlsruhe mit dem Versuch gescheitert, die geplante Verabschiedung des neuen Heizungsgesetzes vorerst zu stoppen. Das Bundesverfassungsgericht verwarf eine Or… [+2499 chars]",,de,'Gas'
"https://www.gamestar.de/artikel/eiswuerfelmaschine-bei-mediamarkt-gegen-sommer-hitzewelle,3456071.html","https://www.gamestar.de/artikel/eiswuerfelmaschine-bei-mediamarkt-gegen-sommer-hitzewelle,3456071.html",0,www.gamestar.de,Deals: Eiswürfelmaschine - Holt euch dieses starke Gadget für die Sommerhitze! [Anzeige],"Klimaanlagen sind ausverkauft, Ventilatoren sind knapp aber Eiswürfel gibt’s noch! Holt euch hier den KOENIC KIC 8124 B Eiswürfelbereiter bei MediaMarkt.",https://images.cgames.de/images/gamestar/293/eiswürfel-maschine-mm-gs-titel01_6428250.jpg,2026-07-09T13:00:00Z,,"Was gibt es Schöneres als kühle Eiswürfel, wenn die 30-Grade-Marke gerade schmilzt!
Die große Hitzewelle Ende Juni ist vorbei, aber der Sommer 2026 geht noch ein paar Wochen. Die nächste Hitzewelle … [+3106 chars]",,de,'Eis'
https://www.zeit.de/news/2026-07/09/augsburg-coach-nach-schwerer-krankheit-werde-bereit-sein,https://www.zeit.de/news/2026-07/09/augsburg-coach-nach-schwerer-krankheit-werde-bereit-sein,0,www.zeit.de,Deutsche Eishockey Liga: Augsburg-Coach nach schwerer Krankheit: «Werde bereit sein»,Hier finden Sie Informationen zu dem Thema „Deutsche Eishockey Liga“. Lesen Sie jetzt „Augsburg-Coach nach schwerer Krankheit: «Werde bereit sein»“.,https://img.zeit.de/news/2026-07/09/augsburg-coach-nach-schwerer-krankheit-werde-bereit-sein-image-group/wide__1300x731,2026-07-09T17:25:03Z,,Eishockey-Trainer Bill Peters fühlt sich nach seiner schweren Immunerkrankung samt Reha wieder fit für den Job bei den Augsburger Panthern. «Ich werde bereit sein. Ich werde wahrscheinlich in bessere… [+1939 chars],,de,'Eis'
https://www.n-tv.de/politik/Gericht-stoppt-vorerst-Honorarkuerzung-bei-Psychotherapeuten-id31069315.html,https://www.n-tv.de/politik/Gericht-stoppt-vorerst-Honorarkuerzung-bei-Psychotherapeuten-id31069315.html,0,www.n-tv.de,Klage erfolgreich: Gericht stoppt vorerst Honorarkürzung bei Psychotherapeuten,Die geplante Absenkung der Honorare für Psychotherapeuten sorgt für massive Kritik. Nun legt ein Gericht den Plan vorerst auf Eis. Die Richter äußern Zweifel an den Berechnungsmethoden.,https://www.n-tv.de/img/31069314/1783627460/Img_16_9/1200/Ein-handgehaltenes-Protestschild-mit-der-Aufschrift-4-5-weniger-Honorar-0-Respekt-100-inakzeptabel-ist-bei-einer-Demonstration-gegen-Kuerzungen-der-Verguetung-psychotherapeutischer-Leistungen-zu-sehen-Der-Hintergrund-mit-weiteren-Teilnehmenden-ist-unscharf-Protest-von-Psychotherapeuten-gegen-Honorarkuerzungen-Nuernberg-21-03.jpg,2026-07-09T18:18:27Z,,"Protest von Psychotherapeuten gegen die Honorarkürzung in Nürnberg. (Foto: picture alliance / Eibner-Pressefoto)
Die geplante Absenkung der Honorare für Psychotherapeuten sorgt für massive Kritik. N… [+1948 chars]",,de,'Eis'
https://www.jungewelt.de/artikel/525782.neues-vom-tennisbürgermeister-wegner-soll-weg.html,https://www.jungewelt.de/artikel/525782.neues-vom-tennisbürgermeister-wegner-soll-weg.html,0,www.jungewelt.de,Neues vom Tennisbürgermeister: Wegner soll weg,Für Berlins Regierenden Bürgermeister wird das Eis wegen seines Verhaltens während des Stromausfalls dünn. Zuletzt sind neue Informationen ans Licht gekommen: Anders als zuvor behauptet soll der CDU-Politiker am ersten Tag des Blackouts erst mittags Telefonat…,https://www.jungewelt.de/img/1100/224703.jpg,2026-07-09T18:53:21Z,,Berlins Regierendem Bürgermeister geht der Boden unter den Füßen verloren. In der Kritik steht Kai Wegner abermals wegen seines Verhaltens beim großflächigen Stromausfall in der Hauptstadt Anfang Jan… [+3884 chars],,de,'Eis'
https://www.zeit.de/news/2026-07/10/abstimmung-im-bundestag-was-sich-beim-heizen-jetzt-aendert,https://www.zeit.de/news/2026-07/10/abstimmung-im-bundestag-was-sich-beim-heizen-jetzt-aendert,0,www.zeit.de,Heizungsgesetz: Abstimmung im Bundestag: Was sich beim Heizen jetzt ändert,Hier finden Sie Informationen zu dem Thema „Heizungsgesetz“. Lesen Sie jetzt „Abstimmung im Bundestag: Was sich beim Heizen jetzt ändert“.,https://img.zeit.de/news/2026-07/10/abstimmung-im-bundestag-was-sich-beim-heizen-jetzt-aendert-image-group/wide__1300x731,2026-07-10T02:30:06Z,,Das «Heizungsgesetz» der früheren Ampel-Regierung ist bald Geschichte. Der Bundestag soll heute über das neue Gebäudemodernisierungsgesetz abstimmen. Damit sollen zentrale Regelungen des bestehenden … [+5611 chars],,de,'Heizung'
https://www.autobild.de/artikel/vw-california-bekommt-neue-camping-funktionen-und-ein-sondermodell-28719099.html,https://www.autobild.de/artikel/vw-california-bekommt-neue-camping-funktionen-und-ein-sondermodell-28719099.html,0,www.autobild.de,Zum ersten Mal mit elektrischer Heckklappe,VW bringt ein Ocean-Sondermodell und neue Funktionen für alle California-Modelle – darunter eine elektrische Heckklappe und eine Heizung fürs Aufstelldach.,https://i.auto-bild.de/ir_img/4/0/8/2/3/3/9/VW-California-Ocean-Sondermodell--Generation--am-Strand-2869-2631x1480-9ead903e239927b1.jpg?impolicy=og_images,2026-07-10T03:38:00Z,,,,de,'Heizung'
https://www.morgenpost.de/berlin/article401495374/eisdiele-bestes-eis-berlin-sommer-2026-test-ueberblick.html,https://www.morgenpost.de/berlin/article401495374/eisdiele-bestes-eis-berlin-sommer-2026-test-ueberblick.html,0,www.morgenpost.de,Das beste Eis in Berlin: Geheimtipps und Klassiker im Überblick,Welche Orte bieten das ultimative Eis-Erlebnis in Berlin? Diese Eisdielen versüßen Ihnen den Frühling – und enttäuschen garantiert nicht.,https://img.sparknews.funkemedien.de/407124675/407124675_1724918707_v16_9_1600.jpeg,2026-07-10T08:57:39Z,,<ul><li>In Berlin wird es sommerlich warm Zeit für eine kalte Abkühlung!</li><li>Wo gibt es in der Hauptstadt das beste Eis?</li><li>Wir haben die Adressen erstklassiger Eisdielen im Überblick</li></… [+4733 chars],,de,'Eis'
https://taz.de/Kunst-gegen-Kaelte/!6191101/,https://taz.de/Kunst-gegen-Kaelte/!6191101/,0,taz.de,Kunst gegen Kälte: Wo Schlingensief die Suppe gereicht hat,"Ein paar Stunden im Warmen, dazu ein schräges Konzert: In Hamburg wurde mit einem Buch an die „Mission“ erinnert und ihre ganz eigene Straßensozialarbeit.",https://taz.de/picture/8601788/1200/9042808.jpeg,2026-07-10T11:10:00Z,,"Ein paar Stunden im Warmen, dazu ein schräges Konzert: In Hamburg wurde mit einem Buch an die „Mission“ erinnert und ihre ganz eigene Straßensozialarbeit. mehr...",,de,'Kälte'
https://www.zeit.de/news/2026-07/10/neues-heizgesetz-beschlossen-was-sich-jetzt-aendert,https://www.zeit.de/news/2026-07/10/neues-heizgesetz-beschlossen-was-sich-jetzt-aendert,0,www.zeit.de,Heizungsgesetz: Neues Heizgesetz beschlossen: Was sich jetzt ändert,Hier finden Sie Informationen zu dem Thema „Heizungsgesetz“. Lesen Sie jetzt „Neues Heizgesetz beschlossen: Was sich jetzt ändert“.,https://img.zeit.de/news/2026-07/10/neues-heizgesetz-beschlossen-was-sich-jetzt-aendert-image-group/wide__1300x731,2026-07-10T12:00:11Z,,Das «Heizungsgesetz» der früheren Ampel-Regierung ist bald Geschichte. Der Bundestag hat das neue Gebäudemodernisierungsgesetz beschlossen. Damit kippt die schwarz-rote Koalition zentrale Regelungen … [+5922 chars],,de,'Heizung'
https://www.sueddeutsche.de/wirtschaft/heizungsgesetz-deutschland-aenderungen-folgen-klimaschutz-li.3513439,https://www.sueddeutsche.de/wirtschaft/heizungsgesetz-deutschland-aenderungen-folgen-klimaschutz-li.3513439,0,www.sueddeutsche.de,"Klimapolitik: Drei Dinge, die sich vom Heizungsgesetz lernen lassen","Kaum etwas hat die Deutschen so gegen Klimapolitik aufgebracht wie der Plan, ihnen saubere Heizungen vorzuschreiben. Seit diesem Freitag ist das Gesetz Geschichte. Ein paar Erkenntnisse bleiben.",https://www.sueddeutsche.de/2026/07/10/ec4ee146-baaf-4c53-b570-6c219f14d2ea.jpg?q=60&fm=webp&width=1200&rect=0%2C209%2C4000%2C2250,2026-07-10T14:01:19Z,,"Alles schien wie gemacht für den großen Wurf, damals, im März 2022. Der Einmarsch Russlands in die Ukraine lag gerade einen Monat zurück, die Gaskrise nahm ihren Lauf. Da beschloss ein Koalitionsauss… [+369 chars]",,de,'Heizung'
https://www.tagesschau.de/wirtschaft/verbraucher/heizen-gebaeudemodernisierungsgesetz-foerderung-100.html,https://www.tagesschau.de/wirtschaft/verbraucher/heizen-gebaeudemodernisierungsgesetz-foerderung-100.html,0,www.tagesschau.de,Neue Regeln für Wärmepumpe und Gas: Was sich beim Heizen ändert,Der Einbau einer Erdgas-Heizung in Neubauten ist künftig wieder möglich - wobei Experten vor den Kosten warnen. Und der Staat zahlt weniger Förderung für den Umstieg auf Wärmepumpen. Ein Überblick.,https://images.tagesschau.de/image/2cdfe5bc-c7ce-4c52-9335-c89282c12c74/AAABn0tnEMw/AAABnSSvrFg/16x9-big/waermepumpe-254.jpg?width=1280,2026-07-10T16:53:16Z,,"Stand: 10.07.2026 18:53 Uhr
Der Einbau einer Erdgas-Heizung in Neubauten ist künftig wieder möglich - wobei Experten vor den Kosten warnen. Und der Staat zahlt weniger Förderung für den Umstieg auf … [+7567 chars]",,de,'Heizen'
https://www.tagesschau.de/wissen/technologie/waermepumpe-zum-kuehlen-100.html,https://www.tagesschau.de/wissen/technologie/waermepumpe-zum-kuehlen-100.html,0,www.tagesschau.de,Wie Wärmepumpen auch kühlen können,"An heißen Sommertagen sorgt eine Klimaanlage für erträgliche Temperaturen. Doch auch eine moderne Wärmepumpe, die sonst zum Heizen dient, kann ein Haus kühlen. Diese Optionen gibt es. Von Daniel Peter.",https://images.tagesschau.de/image/2fe137f3-48b7-45e7-9315-23d0694ad5a9/AAABn0Xz3jY/AAABnSSvrFg/16x9-big/waermepumpe-264.jpg?width=1280,2026-07-10T16:54:46Z,,"Stand: 10.07.2026 18:54 Uhr
An heißen Sommertagen sorgt eine Klimaanlage für erträgliche Temperaturen. Doch auch eine moderne Wärmepumpe, die sonst zum Heizen dient, kann ein Haus kühlen. Diese Opti… [+3623 chars]",,de,'Kälte'
https://www.bild.de/sport/fussball/so-einfach-gehts-nicht-klopp-bald-bundestrainer-6a51e8741aef3ee586481262,https://www.bild.de/sport/fussball/so-einfach-gehts-nicht-klopp-bald-bundestrainer-6a51e8741aef3ee586481262,0,www.bild.de,"„So einfach geht's nicht"" - Klopp bald Bundestrainer?","Jürgen Klopp ist der Wunsch-Kandidat beim DFB. Aber die Gespräche hängen noch an einigen Details. Das u.v.m. bei “Reif ist Live"".","https://images.bild.de/6a51e8741aef3ee586481262/58eabf65d9e5bbbbc782ae4ed3dc932b,19689500?w=1280",2026-07-11T09:44:04Z,,"Mehr zum Video anzeigen 
Das u.v.m. bei Rei fist Live.
Quelle: BILD11.07.2026 - 11:44 Uhr",,de,'Reif'
https://www.bild.de/sport/fussball/jetzt-hier-reif-ist-live-gucken-alles-zum-klopp-gipfel-in-new-york-6a509b2fc13a557858aa06f4,https://www.bild.de/sport/fussball/jetzt-hier-reif-ist-live-gucken-alles-zum-klopp-gipfel-in-new-york-6a509b2fc13a557858aa06f4,0,www.bild.de,Reif ist Live vom 11.07.26 - Alles zum Klopp-Gipfel in New York,Eine neue WM-Folge „Reif ist live“ mit Kommentatoren-Legende Marcel Reif und Moderatorin Joena Wohlenberg.,"https://images.bild.de/6a509b2fc13a557858aa06f4/7c9cc9c56593741ee60b89252824f001,cbb552b7?w=1280",2026-07-11T09:51:33Z,,"Mehr zum Video anzeigen 
Eine neue WM-Folge Reif ist live mit Kommentatoren-Legende Marcel Reif und Moderatorin Joena Wohlenberg.
Quelle: BILD11.07.2026 - 11:51 Uhr",,de,'Reif'
https://www.faz.net/aktuell/wissen/physik-mehr/wann-ist-das-bier-kalt-der-praktische-onlinerechner-verraet-es-im-handumdrehen-accg-200994927.html,https://www.faz.net/aktuell/wissen/physik-mehr/wann-ist-das-bier-kalt-der-praktische-onlinerechner-verraet-es-im-handumdrehen-accg-200994927.html,0,www.faz.net,Coole Physik I: Die Formel für ein kühles Blondes,Wie lange muss die Bierflasche in den Kühlschrank? Und wann sollte sie aus dem Eisfach? Dafür gibt es eine Formel und unseren Onlinerechner.,https://media0.faz.net/image/w1200h627/6b3876b3b456/w2662h1390x441y311o/202607/43601.0.2324083183/logarithmisch-kaelter.webp,2026-07-11T09:58:26Z,,Sieben Grad Celsius beträgt die von uns bevorzugte Trinktemperatur für ein typisches deutsches Vollbier. Ähnlich kalt sollte helles Weißbier sein dunkles entfaltet seine Röstaromen für gewöhnlich bes… [+5406 chars],,de,'Gefrieren'
https://www.bild.de/sport/fussball/aufgaben-als-bundestrainer-sollte-klopp-das-besser-machen-als-nagelsmann-6a51e8b01aef3ee58648126c,https://www.bild.de/sport/fussball/aufgaben-als-bundestrainer-sollte-klopp-das-besser-machen-als-nagelsmann-6a51e8b01aef3ee58648126c,0,www.bild.de,Aufgaben als Bundestrainer - Sollte Klopp DAS besser machen als Nagelsmann?,"Bei diesem Punkt gab es u.a. Kritik am Bundestrainer-Job unter Julian Nagelsmann. Das u.v.m. bei „Reif ist live""","https://images.bild.de/6a51e8b01aef3ee58648126c/6572d3614f5a2a7c77d88c11b38dc171,59b639bb?w=1280",2026-07-11T11:10:28Z,,"Mehr zum Video anzeigen 
Bei diesem Punkt gab es u.a. Kritik am Bundestrainer-Job unter Julian Nagelsmann. Das u.v.m. bei Reif ist live.
Quelle: BILD11.07.2026 - 13:10 Uhr",,de,'Reif'
https://www.bild.de/sport/fussball/details-zum-klopp-deal-wenn-das-das-groesste-problem-sein-sollte-6a51e88f1aef3ee586481266,https://www.bild.de/sport/fussball/details-zum-klopp-deal-wenn-das-das-groesste-problem-sein-sollte-6a51e88f1aef3ee586481266,0,www.bild.de,Details zum Klopp-Deal - „Wenn das das größte Problem sein sollte…“,Jürgen Klopp verhandelt zur Zeit seinen möglichen DFB-Vertrag. Doch dieses Detail sehen einige als Kritik-Punkt. Das u.v.m. bei „Reif ist Live“.,"https://images.bild.de/6a51e88f1aef3ee586481266/ec69601a8c12a25ce6a3725aae4649ef,e261823b?w=1280",2026-07-11T12:01:57Z,,"Mehr zum Video anzeigen 
Jürgen Klopp verhandelt zur Zeit seinen möglichen DFB-Vertrag. Doch dieses Detail sehen einige als Kritik-Punkt. Das u.v.m. bei Reif ist Live.
Quelle: BILD11.07.2026 - 14:0… [+4 chars]",,de,'Reif'
https://www.brigitte.de/rezepte/rezept-fuer-kuehle--nicecream----so-schnell-zauberst-du-dir-die-gesunde-erfrischung-in-3-geschmacksrichtungen-13225666.html,https://www.brigitte.de/rezepte/rezept-fuer-kuehle--nicecream----so-schnell-zauberst-du-dir-die-gesunde-erfrischung-in-3-geschmacksrichtungen-13225666.html,0,www.brigitte.de,"Rezept für kühle ""Nicecream"": So schnell zauberst du dir die gesunde Erfrischung in 3 Geschmacksrichtungen","In der sonnige Jahreszeit schmeckt wohl kaum etwas besser als ein richtig leckeres Eis. Wir zeigen dir, wie du ""Nicecream"" in drei unterschiedlichen Sorten herstellen kannst.",https://image.brigitte.de/13225688/t/Gv/v3/w1440/r1.7778/-/nicecream-schuessel-bananen-heidelbeeren.jpg,2026-07-11T13:20:00Z,,"In der sonnige Jahreszeit schmeckt wohl kaum etwas besser als ein richtig leckeres Eis. Wir zeigen dir, wie du ""Nicecream"" in drei unterschiedlichen Sorten herstellen kannst.
""Nicecream"" ist von kon… [+656 chars]",,de,'Eis'
https://www.bild.de/sport/fussball/sind-gut-beraten-uns-ein-beispiel-zu-nehmen-machen-das-kleine-nationen-besser-als-deutschland-6a51e8521aef3ee58648125d,https://www.bild.de/sport/fussball/sind-gut-beraten-uns-ein-beispiel-zu-nehmen-machen-das-kleine-nationen-besser-als-deutschland-6a51e8521aef3ee58648125d,0,www.bild.de,"„Sind gut beraten, uns ein Beispiel zu nehmen“ - Machen DAS kleine Nationen besser als Deutschland?","In diesem Punkt scheinen uns die kleinen Nationen im Vorteil zu sein. Das u.v.m. bei „Reif ist Live"".","https://images.bild.de/6a51e8521aef3ee58648125d/e141f0726333d9015ada471aafabdc85,7a4f3111?w=1280",2026-07-11T14:50:43Z,,"Mehr zum Video anzeigen 
 In diesem Punkt scheinen uns die kleinen Nationen im Vorteil zu sein. Das u.v.m. bei Reif ist Live. 
Quelle: BILD11.07.2026 - 16:50 Uhr",,de,'Reif'
https://www.bild.de/sport/fussball/adeyemi-wechsel-zu-barca-kovac-hat-aufgegeben-6a51e8ca1aef3ee586481270,https://www.bild.de/sport/fussball/adeyemi-wechsel-zu-barca-kovac-hat-aufgegeben-6a51e8ca1aef3ee586481270,0,www.bild.de,"Adeyemi-Wechsel zu Barça - „Kovac hat aufgegeben""",Karim Adeyemi wechselt zum FC Barcelona. Laut Marcel Reif haben die Verantwortlichen beim BVB hier aufgegeben. Das u.v.m. bei „Reif ist Live“.,"https://images.bild.de/6a51e8ca1aef3ee586481270/89e6403a68ad0958ac5c4809740ba031-landscape,5b0ae600?w=1280",2026-07-11T16:53:21Z,,"Mehr zum Video anzeigen 
Karim Adeyemi wechselt zum FC Barcelona. Laut Marcel Reif haben die Verantwortlichen beim BVB hier aufgegeben. Das u.v.m. bei Reif ist Live. 
Quelle: BILD11.07.2026 - 18:53… [+3 chars]",,de,'Reif'
https://www.bild.de/sport/fussball/el-mala-zum-bvb-ist-noch-laengst-nicht-ausgereift-6a51e9001aef3ee586481277,https://www.bild.de/sport/fussball/el-mala-zum-bvb-ist-noch-laengst-nicht-ausgereift-6a51e9001aef3ee586481277,0,www.bild.de,El Mala zum BVB? - „Ist noch längst nicht ausgereift“,Kommt Köln-Star Said El-Mala zu Borussia Dortmund? Das u.v.m. bei „Reif ist Live“.,"https://images.bild.de/6a51e9001aef3ee586481277/29b46d532e3c575d83ff183e1fb12de2-landscape,7fa38d12?w=1280",2026-07-11T19:06:36Z,,"Mehr zum Video anzeigen 
Kommt Köln-Star Said El-Mala zu Borussia Dortmund? Das u.v.m. bei Reif ist Live. 
Quelle: BILD11.07.2026 - 21:06 Uhr",,de,'Reif'
https://www.nzz.ch/schweiz/zermatter-bergfuehrer-raten-derzeit-von-einer-besteigung-des-matterhorns-ab-wie-die-hitze-den-alpinismus-bedroht-ld.10015040,https://www.nzz.ch/schweiz/zermatter-bergfuehrer-raten-derzeit-von-einer-besteigung-des-matterhorns-ab-wie-die-hitze-den-alpinismus-bedroht-ld.10015040,0,www.nzz.ch,Zermatter Bergführer raten derzeit von einer Besteigung des Matterhorns ab: Wie die Hitze den Alpinismus bedroht,Die Zermatter Bergführer raten derzeit von einer Matterhornbesteigung ab – die Steinschlaggefahr ist zu gross. Und eine der berühmtesten Eiswände der Alpen schmilzt in dramatischem Tempo weg. Der Schweizer Bergführerverband reagiert.,"https://img-msp-prod.nzz.ch/2026/07/10/ea09fbae-3626-4629-81a6-10e6d3056eff.jpg?width=526&height=296&fit=bounds&quality=75&auto=webp&crop=526,296,x0,y82",2026-07-11T19:45:00Z,,"Die Steinschlaggefahr ist am Matterhorn gross. Und eine der berühmtesten Eiswände der Alpen schmilzt in dramatischem Tempo weg. Der Schweizer Bergführerverband reagiert.
Zusammenfassung
Das Matterh… [+6356 chars]",,de,'Eis'
https://www.derstandard.at/story/3000000330330/abkuehlung-gefaellig-die-schriftstellerin-daniela-emminger-nimmt-uns-mit-ins-eis,https://www.derstandard.at/story/3000000330330/abkuehlung-gefaellig-die-schriftstellerin-daniela-emminger-nimmt-uns-mit-ins-eis,0,www.derstandard.at,Abkühlung gefällig? Die Schriftstellerin Daniela Emminger nimmt uns mit ins Eis,"""Am Schönsten an der Arktis ist das Nichts"", sagt die Schriftstellerin Daniela Emminger, die im Frühjahr für einige Wochen in Grönland war. Hier Teil 2 ihrer Reiseerzählung.",https://i.ds.at/muOfCQ/rs:fill:1200:600/plain/lido-images/2026/07/08/94d52ff4-ab8e-4068-965e-1b2a544bd297.jpg,2026-07-12T09:00:00Z,,"Sie entscheiden darüber, wie Sie unsere Inhalte nutzen wollen. Ihr Gerät erlaubt uns derzeit leider nicht, die entsprechenden Optionen anzuzeigen.
Bitte deaktivieren Sie sämtliche Hard- und Software… [+180 chars]",,de,'Eis'
https://www.kino.de/stars/47-jahre-nach-eis-am-stiel-so-sehen-johnny-jesse-und-bobby-heute-aus--01K1GAQP52WK5N23F7GVHKZ7D1,https://www.kino.de/stars/47-jahre-nach-eis-am-stiel-so-sehen-johnny-jesse-und-bobby-heute-aus--01K1GAQP52WK5N23F7GVHKZ7D1,0,www.kino.de,"47 Jahre nach „Eis am Stiel“: So  sehen Johnny, Jesse und Bobby heute aus",Die Stars der Kult-Reihe haben sich mit der Zeit vor der Kamera rar gemacht.,https://static.kino.de/5f/d3/3c/50f4452903d0e3fe9a0236d5e9_ZmMgODAwMDgwMDBmZmZmIDE5MjAgMTA4MAM1MzU0MjNlZTA2ZQ==.jpeg,2026-07-12T09:20:00Z,,"1979 landete der israelische Regisseur Boaz Davidson mit dem ersten Eis am Stiel-Film einen Überraschungserfolg, der bis 1988 stolze sieben Fortsetzungen nach sich zog. Zwar wurden die Geschichten de… [+196 chars]",,de,'Eis'
https://www.bild.de/sport/mehr-sport/auf-xxl-wasserrutsche-eis-queen-leerdam-geniesst-den-sommer-6a53a7236e9b713b4352eb16,https://www.bild.de/sport/mehr-sport/auf-xxl-wasserrutsche-eis-queen-leerdam-geniesst-den-sommer-6a53a7236e9b713b4352eb16,0,www.bild.de,Auf XXL-Wasserrutsche - Eis-Queen Leerdam genießt den Sommer,Eisschnelllauf-Star Jutta Leerdam genießt den Sommer gerade in vollen Zügen. Bei den heißen Temperaturen sorgt die 27-jährige Niederländerin für die perf...,"https://images.bild.de/6a53a7236e9b713b4352eb16/bfd87690be83538e518c943f7094c0ad,527f4baf?w=1280",2026-07-12T14:54:17Z,,"Mehr zum Video anzeigen 
Eisschnelllauf-Star Jutta Leerdam genießt den Sommer gerade in vollen Zügen. Bei den heißen Temperaturen sorgt die 27-jährige Niederländerin für die perfekte Abkühlung.
Que… [+49 chars]",,de,'Eis'
https://www.diepresse.com/36765675/das-fest-zur-festspieleroeffnung-salzburgs-jedermann-serviert-auch-eis,https://www.diepresse.com/36765675/das-fest-zur-festspieleroeffnung-salzburgs-jedermann-serviert-auch-eis,0,www.diepresse.com,Das Fest zur Festspieleröffnung: Salzburgs Jedermann serviert auch Eis [premium],"Ein dreitägiges Spektakel stimmt die Stadt Salzburg, ihre Bewohner und Gäste auf den Festspielsommer ein. Begegnungen mit Stars inklusive.",https://img.diepresse.com/public/incoming/d1c7bo-kunstlerfest-der-salzburger-festspiele/alternates/WEBP_WIDE_1200/K%C3%BCnstlerfest%20der%20Salzburger%20Festspiele,2026-07-12T17:23:05Z,,"Vanille, Schoko, Zitrone oder doch lieber Kaffee? Das Team rund um Jedermann Philipp Hochmair, Buhlschaft Roxane Duran und Teufel Christoph Luser schlüpft heuer anlässlich des Fests zur Festspieleröf… [+4474 chars]",,de,'Eis'
https://versicherungswirtschaft-heute.de/maerkte-und-vertrieb/2026-07-13/nach-nur-einem-jahr-honda-legt-konzerneigene-versicherung-auf-eis/,https://versicherungswirtschaft-heute.de/maerkte-und-vertrieb/2026-07-13/nach-nur-einem-jahr-honda-legt-konzerneigene-versicherung-auf-eis/,0,versicherungswirtschaft-heute.de,Nach nur einem Jahr: Honda legt konzerneigene Versicherung auf Eis,"Vor einem Jahr mit großen Ambitionen in allen 50 US-Bundesstaaten gestartet, zieht sich Honda nun klammheimlich aus dem Versicherungsvertrieb zurück. Die Plattform wurde vorübergehend stillgelegt, ein Comeback-Termin steht in den Sternen. Der Konkurrenz- und …",https://versicherungswirtschaft-heute.de//wp-60d20-content/uploads/2026/07/pexels-nicki-dick-721214966-27432671-1200x814.jpg,2026-07-12T22:00:00Z,,"Vor einem Jahr mit großen Ambitionen in allen 50 US-Bundesstaaten gestartet, zieht sich Honda nun klammheimlich aus dem Versicherungsvertrieb zurück. Die Plattform wurde vorübergehend stillgelegt, ei… [+251 chars]",,de,'Eis'
https://www.tagesspiegel.de/wirtschaft/aktuelle-umfrage-mehrheit-gegen-kurzungen-bei-warmepumpenforderung-15832306.html,https://www.tagesspiegel.de/wirtschaft/aktuelle-umfrage-mehrheit-gegen-kurzungen-bei-warmepumpenforderung-15832306.html,0,www.tagesspiegel.de,Aktuelle Umfrage: Mehrheit gegen Kürzungen bei Wärmepumpenförderung,Staatliche Zuschüsse für klimafreundliche Heizungen sollen sinken. Was eine Umfrage zu den Kürzungsplänen der Regierung zeigt - und wie die Anhänger von Union und SPD dazu stehen.,https://www.tagesspiegel.de/images/15832305/alternates/BASE_16_9_W1400/1783908198000/warmepumpen-au-engerat-vor-einem-einfamilienhaus.jpeg,2026-07-13T02:03:18Z,,Die Mehrheit der Deutschen lehnt laut einer Umfrage die Pläne der schwarz-roten Koalition zu Kürzungen bei der Wärmepumpenförderung ab. Das zeigen die Ergebnisse einer repräsentativen Befragung des M… [+1191 chars],,de,'Heizung'
https://www.diepresse.com/34390517/eiskalte-lektuere-fuer-heisse-sommertage-drei-buchempfehlungen,https://www.diepresse.com/34390517/eiskalte-lektuere-fuer-heisse-sommertage-drei-buchempfehlungen,0,www.diepresse.com,Eiskalte Lektüre für heiße Sommertage – drei Buchempfehlungen,"Eine Schneeforscherin in Kanada, Pinguine in der Antarktis und ein Roman über die verlorene Sprache der Samen: drei Buchempfehlungen aus der Spectrum-Redaktion.",https://img.diepresse.com/public/incoming/61u89n-imago823168084jpg/alternates/WEBP_WIDE_1200/imago823168084.jpg,2026-07-13T03:30:00Z,,"Die Presse auf Google als bevorzugte Nachrichtenquelle hinzufügen.
Die Eis- und Schneeforscherin Unni erlebte einst eine kurze Liebesaffäre auf der Baffin­insel, der größten Insel des Kanadisch-Arkt… [+1719 chars]",,de,'Eis'
https://www.diepresse.com/36336238/jusstudent-gegen-uni-wien-hoechstgericht-legt-offenlegung-auf-eis,https://www.diepresse.com/36336238/jusstudent-gegen-uni-wien-hoechstgericht-legt-offenlegung-auf-eis,0,www.diepresse.com,Jusstudent gegen Uni Wien: Höchstgericht legt Offenlegung auf Eis [premium],"Ein Student will 40 frühere Strafrechtsprüfungen sehen. Das Bundesverwaltungsgericht gab ihm Recht, der Verwaltungsgerichtshof schiebt die Wirkung jedoch auf.",https://img.diepresse.com/public/incoming/1gwmmd-kein-titel/alternates/WEBP_WIDE_1200/kein%20Titel,2026-07-13T03:42:47Z,,"Wissbegierde ist eine akademische Tugend, aber was ein Jusstudent an der Universität Wien erkunden will, geht der Alma Mater Rudolphina denn doch zu weit: Sämtliche Angaben, Punkteschemata und Namen … [+3555 chars]",,de,'Eis'
https://www.kino.de/news/noch-diese-woche-bei-prosieben-frieren-staffel-2-feiert-free-tv-premiere--01KWEEPA0F197E1J2V89FQTFZN,https://www.kino.de/news/noch-diese-woche-bei-prosieben-frieren-staffel-2-feiert-free-tv-premiere--01KWEEPA0F197E1J2V89FQTFZN,0,www.kino.de,Noch diese Woche bei ProSieben: „Frieren“ Staffel 2 feiert Free-TV-Premiere,"„Frieren“ ist nicht nur auf Crunchyroll ein Hit, sondern zuletzt auch auf Netflix. Bevor es dort weitergeht, könnt ihr die zweite Staffel im Free-TV sehen.",https://static.kino.de/fd/75/52/4d7969b18186109da4138accfa_ZmMgNjY0MTVhNzRmZmZmIDE5MjAgMTA4MANmNTQ5YjExZDFhZg==.jpg,2026-07-13T08:04:17Z,,"Frieren ist nicht nur auf Crunchyroll ein Hit, sondern zuletzt auch auf Netflix. Bevor es dort weitergeht, könnt ihr die zweite Staffel im Free-TV sehen.
Die erste Anlaufstelle für Animes ist und bl… [+2168 chars]",,de,'Frieren'
https://www.zeit.de/news/2026-07/13/handel-arbeitgeber-legen-tarifrunde-in-vier-laendern-auf-eis,https://www.zeit.de/news/2026-07/13/handel-arbeitgeber-legen-tarifrunde-in-vier-laendern-auf-eis,0,www.zeit.de,Kritik an Verdi-Bundesvorstand: Handel-Arbeitgeber legen Tarifrunde in vier Ländern auf Eis,Hier finden Sie Informationen zu dem Thema „Kritik an Verdi-Bundesvorstand“. Lesen Sie jetzt „Handel-Arbeitgeber legen Tarifrunde in vier Ländern auf Eis“.,https://img.zeit.de/news/2026-07/13/handel-arbeitgeber-legen-tarifrunde-in-vier-laendern-auf-eis-image-group/wide__1300x731,2026-07-13T10:18:19Z,,"In der diesjährigen Tarifrunde im Einzelhandel haben die Arbeitgeber die Verhandlungen in vier Bundesländern vorerst auf Eis gelegt. Die anstehenden Gesprächsrunden in Bayern, Rheinland-Pfalz, dem Sa… [+1384 chars]",,de,'Eis'
https://www.diepresse.com/35516675/radfahren-ohne-taube-finger-handschuhe-mit-platz-und-poelstern-fuer-die,https://www.diepresse.com/35516675/radfahren-ohne-taube-finger-handschuhe-mit-platz-und-poelstern-fuer-die,0,www.diepresse.com,Radfahren ohne taube Finger: Handschuhe mit Platz und Pölstern für die Nerven [premium],"Der traditionsreiche deutsche Handschuhhersteller Chiba hat das BioXCell-System entwickelt, um einem häufig auftretenden Problem beim Radeln beizukommen. Das kann funktionieren, wenn auch die Griffe passen.",https://img.diepresse.com/public/incoming/tz9p3g-fahrradhandschuhe-chiba/alternates/WEBP_WIDE_1200/Fahrradhandschuhe%20Chiba,2026-07-14T04:01:31Z,,"Beim Radfahren ruht das ganze Gewicht des Oberkörpers auf drei Punkten: einer Sitzzone und zwei Händen. Letztere kann man mit Fug und Recht neuralgisch nennen, denn der Verlauf der Nerven in der Inne… [+1347 chars]",,de,'Handschuhe'
https://www.faz.net/aktuell/sport/tour-de-france/tour-de-france-mit-lipowitz-und-evenepoel-die-gefahren-der-red-bull-doppelspitze-accg-201023963.html,https://www.faz.net/aktuell/sport/tour-de-france/tour-de-france-mit-lipowitz-und-evenepoel-die-gefahren-der-red-bull-doppelspitze-accg-201023963.html,0,www.faz.net,Lipowitz und Evenepoel: Ein Spiel mit Eis und Feuer bei der Tour de France,"Sind zwei einer zu viel? Mit Florian Lipowitz und Remco Evenepoel setzt Red Bull bei der Tour de France auf zwei Kapitäne. Früh zeigt sich, wo Chancen dieser Strategie liegen. Noch größer sind die Gefahren.",https://media0.faz.net/image/w1200h627/5d0bd7ad9c20/w5639h2946x950y2445o/202607/43601.0.2330276250/wie-gut-verstehen-sie-sich.webp,2026-07-14T05:50:12Z,,Ralph Denk ist schon fast sein ganzes Leben lang im Radsport-Business. Doch am Manager des deutschen Rennstalls Red Bull-Bora-hansgrohe ist womöglich ein guter Feuerwehrmann verloren gegangen. Es war… [+174 chars],,de,'Eis'
https://www.bild.de/unterhaltung/stars-und-leute/influencerin-wird-30-feuerwerk-am-eifelturm-fuer-pamela-reif-6a561098327771d6e72e53c1,https://www.bild.de/unterhaltung/stars-und-leute/influencerin-wird-30-feuerwerk-am-eifelturm-fuer-pamela-reif-6a561098327771d6e72e53c1,0,www.bild.de,Influencerin wird 30 - Feuerwerk am Eiffelturm für Pamela Reif?,"Ein paar Tage kann man schon auf Social Media feiern, wenn man „rundet“. Influencerin Pamela Reif ist 30 geworden und zelebriert es öffentlich.","https://images.bild.de/6a561098327771d6e72e53c1/1f49ed58fbae68039d45757673708610,c5aaec32?w=1280",2026-07-14T11:11:06Z,,"+++Polizei hat Hinweise: War der Schul-Amok in Schongau ein Terror-Anschlag?
+++Polizei hat Hinweise: War der Schul-Amok in Schongau ein Terror-Anschlag?
+++Polizei hat Hinweise: War der Schul-Amok… [+578 chars]",,de,'Reif'
https://www.faz.net/aktuell/besser-leben/essen/mit-diesem-einfachen-rezept-gelingt-das-perfekte-eis-am-stiel-accg-200952702.html,https://www.faz.net/aktuell/besser-leben/essen/mit-diesem-einfachen-rezept-gelingt-das-perfekte-eis-am-stiel-accg-200952702.html,0,www.faz.net,Rezept für Paletas: So gelingt das perfekte Eis am Stiel in der Tiefkühltruhe,"Bei der Hitze hilft nur Eis! Wie man mit Früchten und wenigen weiteren Zutaten zu Hause eine Erfrischung zubereitet, erklärt die Autorin Maria Borda. Man braucht nicht einmal eine Eismaschine.",https://media0.faz.net/image/w1200h627/7d4bec05073c/w5208h2721x0y2014o/202606/43a4f1cf28-6b04-11f1-bdbd-ffa51aea9a0e/eine-erfrischung-an-heissen.webp,2026-07-14T11:58:00Z,,"Frau Borda, in Ihrem Buch Paletas versprechen Sie Ihren Lesern Rezepte für das beste Eis am Stiel. Sie stammen aus Bolivien, sind aber in Schweden aufgewachsen. Auf Ihrem Heimatkontinent sind Paletas… [+7566 chars]",,de,'Eis'
https://www.focus.de/immobilien/experte-warnt-wer-beim-heizungskauf-wartet-zahlt-drauf_70cc606b-43cf-4646-a5a6-5efd3d249f07.html,https://www.focus.de/immobilien/experte-warnt-wer-beim-heizungskauf-wartet-zahlt-drauf_70cc606b-43cf-4646-a5a6-5efd3d249f07.html,0,www.focus.de,"Experte warnt: Wer beim Heizungskauf wartet, zahlt drauf",Ab dem 21. Juli gilt eine neue Förderung für Wärmepumpen. Verbraucher kriegen so weniger Geld als vorher. Ein Experte rät vom Abwarten ab.,"https://quadro.burda-forward.de/ctf/536bd372-4015-4df9-a14f-5e8ae8a14252.7a6c302d-de9e-4fef-8a2b-6ef2d56f6807.jpg?im=RegionOfInterestCrop=(1200,630),regionOfInterest=(2140,1144)&hash=71ce14ebd4dba279a4d6fbcb612a01c4d6a69de24f5fef9fd87a1962d2a12be3",2026-07-14T13:38:00Z,,"Zwischen dem 7. und 8. Juli ging ein Beben durch den Heizungsmarkt. Es wurde bekannt, dass die wichtige Förderbank KfW ein Portal zur Heizungsförderung auf Eis legt, um Anpassungen vorzunehmen. Kunde… [+4557 chars]",,de,'Heizung'
https://www.welt.de/politik/ausland/plus6a5608e2714bf8869b95ebaa/arktis-machtpoker-im-eis-und-die-zeit-spielt-gegen-europa.html,https://www.welt.de/politik/ausland/plus6a5608e2714bf8869b95ebaa/arktis-machtpoker-im-eis-und-die-zeit-spielt-gegen-europa.html,0,www.welt.de,Machtpoker im Eis – und die Zeit spielt gegen Europa,"Auch China versucht, seinen Einfluss in der Arktis massiv auszubauen. Dabei geht es um mehr als wirtschaftliche Interessen. Experten sehen darin Vorbereitungen auf ein bestimmtes Konfliktszenario.",https://images.welt.de/6a5608e2714bf8869b95ebaa/c5cde0911e0770334bdbe0e677511008/ci16x9-w1200/82972501-jpg,2026-07-14T16:38:34Z,,Die WELT als ePaper: Die vollständige Ausgabe steht Ihnen bereits am Vorabend zur Verfügung so sind Sie immer hochaktuell informiert. Weitere Informationen https://epaper.welt.de,,de,'Eis'
https://omr.podigee.io/1003-neue-episode,https://omr.podigee.io/1003-neue-episode,0,omr.podigee.io,Betten ab 12 Euro pro Nacht: A&O-Gründer Oliver Winter (#923),"Oliver Winter wollte eigentlich Lehrer werden, doch von einer Weltreise kam er mit einer Idee zurück – und baute ein Hostel. Heute übernachten täglich rund 25.000 Menschen in einem der A&O Hostels, die es inzwischen europaweit gibt, fünf Mal allein in Berlin.…","https://images.podigee-cdn.net/0x,s7po2KRrQXQz1yxFcWhkenY239CIRsM20mBYzQ4EtU68=/https://main.podigee-cdn.net/uploads/u5851/fffc7b86-3e27-429e-b67e-e63cc5120fcb.jpg",2026-07-15T01:00:00Z,,"00:00:00: Gefühlt ist es noch gar nicht so lange her, in Wahrheit schon ein bisschen länger als wir nämlich angefangen haben selbstständig zu sein unsere Firma aufzubauen.
00:00:07: da war ich auch … [+93980 chars]",,de,'Winter'
https://www.welt.de/vermischtes/article6a577fa50fae4e2165e36306/reutlingen-unwetterchaos-im-sueden-strassen-mit-50-zentimeter-schnee-geflutet-6000-menschen-teils-ohne-strom.html,https://www.welt.de/vermischtes/article6a577fa50fae4e2165e36306/reutlingen-unwetterchaos-im-sueden-strassen-mit-50-zentimeter-schnee-geflutet-6000-menschen-teils-ohne-strom.html,0,www.welt.de,"Unwetterchaos im Süden – Straßen mit „50 Zentimeter Schnee“ geflutet, 6000 Menschen teils ohne Strom","Ein schweres Unwetter hat Rettungskräfte in Reutlingen stundenlang beschäftigt. Die Straßen mussten teils mit schwerem Gerät geräumt werden. Zudem fiel in Teilen des Stadtgebiets vorübergehend der Strom aus, schuld daran war ein Blitzeinschlag.",https://images.welt.de/6a577fa50fae4e2165e36306/7208274822b6b479cfc21b7071b9a643/ci16x9-w1200/dpa-com-260715-936-40586-jpg,2026-07-15T13:27:08Z,,Ein schweres Unwetter hat Rettungskräfte in Reutlingen stundenlang beschäftigt. Die Straßen mussten teils mit schwerem Gerät geräumt werden. Zudem fiel in Teilen des Stadtgebiets vorübergehend der St… [+1208 chars],,de,'Schnee'
https://www.zeit.de/news/2026-07/15/iw-waermepumpe-erstmals-am-haeufigsten-eingebaute-heizungsart,https://www.zeit.de/news/2026-07/15/iw-waermepumpe-erstmals-am-haeufigsten-eingebaute-heizungsart,0,www.zeit.de,Heizungen in Wohngebäuden: IW: Wärmepumpe erstmals am häufigsten eingebaute Heizungsart,Hier finden Sie Informationen zu dem Thema „Heizungen in Wohngebäuden“. Lesen Sie jetzt „IW: Wärmepumpe erstmals am häufigsten eingebaute Heizungsart“.,https://img.zeit.de/news/2026-07/15/iw-waermepumpe-erstmals-am-haeufigsten-eingebaute-heizungsart-image-group/wide__1300x731,2026-07-15T15:11:49Z,,Wärmepumpen sind beim Heizungstausch inzwischen die erste Wahl. Die Geräte waren 2025 in deutschen Wohngebäuden erstmals die am häufigsten eingebaute Heizungsart. Das zeigt eine Auswertung des Instit… [+2135 chars],,de,'Heizung'
https://www.tagesspiegel.de/wirtschaft/heizungen-in-wohngebauden-iw-warmepumpe-erstmals-am-haufigsten-eingebaute-heizungsart-15843832.html,https://www.tagesspiegel.de/wirtschaft/heizungen-in-wohngebauden-iw-warmepumpe-erstmals-am-haufigsten-eingebaute-heizungsart-15843832.html,0,www.tagesspiegel.de,Heizungen in Wohngebäuden: IW: Wärmepumpe erstmals am häufigsten eingebaute Heizungsart,Beim Heizungstausch haben Wärmepumpen fossile Heizkessel überholt. Ein Experte sieht dafür mehrere Gründe.,https://www.tagesspiegel.de/images/15843831/alternates/BASE_16_9_W1400/1784128369000/warmepumpen-au-engerat-vor-einem-einfamilienhaus.jpeg,2026-07-15T15:12:49Z,,Wärmepumpen sind beim Heizungstausch inzwischen die erste Wahl. Die Geräte waren 2025 in deutschen Wohngebäuden erstmals die am häufigsten eingebaute Heizungsart. Das zeigt eine Auswertung des Instit… [+2189 chars],,de,'Heizung'
https://www.tagesspiegel.de/gesundheit/nicht-die-kalte-totet-im-winter-atemwegsinfekte-treiben-die-zahl-von-herzinfarkten-nach-oben-15842317.html,https://www.tagesspiegel.de/gesundheit/nicht-die-kalte-totet-im-winter-atemwegsinfekte-treiben-die-zahl-von-herzinfarkten-nach-oben-15842317.html,0,www.tagesspiegel.de,Nicht die Kälte tötet im Winter: Atemwegsinfekte treiben die Zahl von Herzinfarkten nach oben,"Wer sich im Winter mit Grippe ansteckt, riskiert mehr als Husten. Neue Daten zeigen, wie eng Atemwegsinfekte und tödliche Herzereignisse zusammenhängen.",https://www.tagesspiegel.de/images/15843127/alternates/BASE_16_9_W1400/1784130553000/young-man-coughing-atem015.jpeg,2026-07-15T16:03:57Z,,"In jedem Winter füllen sich die Wartezimmer, mit Patienten, die unter Husten, Schnupfen und Fieber leiden. Zeitgleich schnellt, meist unbemerkt, eine zweite Kurve nach oben: die der Menschen, die an … [+4221 chars]",,de,'Winter'
https://www.zeit.de/wirtschaft/2026-07/waermepumpe-heizungstausch-deutschland-iw,https://www.zeit.de/wirtschaft/2026-07/waermepumpe-heizungstausch-deutschland-iw,0,www.zeit.de,Wärmepumpe in Wohngebäuden: Wärmepumpe erstmals am häufigsten eingebaute Heizungsart,Beim Heizungstausch haben Wärmepumpen fossile Heizkessel überholt. Ein Experte sieht dafür mehrere Gründe – und spricht von einer »echten Trendwende im Heizungskeller«.,https://img.zeit.de/wirtschaft/2026-07/waermepumpe-heizungstausch-deutschland-iw-foto-1/wide__1300x731,2026-07-15T16:16:52Z,,Wärmepumpen sind beim Heizungstausch inzwischen die erste Wahl. Die Geräte waren 2025 in deutschen Wohngebäuden erstmals die am häufigsten eingebaute Heizungsart. Das zeigt eine Auswertung des Instit… [+1331 chars],,de,'Heizung'
https://www.n-tv.de/wirtschaft/Waermepumpe-liegt-beim-Heizungswechsel-vorn-id31089814.html,https://www.n-tv.de/wirtschaft/Waermepumpe-liegt-beim-Heizungswechsel-vorn-id31089814.html,0,www.n-tv.de,"""Trendwende im Heizungskeller"": Wärmepumpe liegt beim Heizungswechsel vorn","Um die Zukunft deutscher Heizungen gibt es seit Jahren Gezerre. Das verunsichert viele Hausbesitzer in der Frage, worauf sie künftig setzen sollen. 2025 gibt es dennoch eine klare Tendenz: Beim Heizungswechsel liegt die Wärmepumpe vorn - was nicht nur an den …",https://www.n-tv.de/img/31089841/1784137089/Img_16_9/1200/Waermepumpe-an-einem-Wohnhaus.jpg,2026-07-15T16:34:14Z,,"""Trendwende im Heizungskeller""Wärmepumpe liegt beim Heizungswechsel vorn
Die Wärmepumpe setzt sich immer stärker durch. (Foto: picture alliance / CHROMORANGE)
Um die Zukunft deutscher Heizungen gib… [+2578 chars]",,de,'Heizung'
https://www.china-gadgets.de/loefme-eiswuerfelmaschine/,https://www.china-gadgets.de/loefme-eiswuerfelmaschine/,0,www.china-gadgets.de,Loefme Eiswürfelmaschine: Feste Würfel statt Hohl-Bullets für heiße Tage,"Die nächste Hitzewelle steht vor der Tür, die Drinks liegen kühl bereit, aber für das perfekte Bar-Feeling fehlt das Wichtigste: massive Eiswürfel. Wer bisher günstige Eiswürfelmaschinen genutzt hat, kennt oft das Problem der klassischen hohlen „Bullet“-Eiswü…",https://www.china-gadgets.de/app/uploads/2026/07/Loefme_EiswuerfelmaschineLoefme_Eiswuerfelmaschine_Beitragsbbild.jpg,2026-07-15T17:00:10Z,,"Die nächste Hitzewelle steht vor der Tür, die Drinks liegen kühl bereit, aber für das perfekte Bar-Feeling fehlt das Wichtigste: massive Eiswürfel. Wer bisher günstige Eiswürfelmaschinen genutzt hat,… [+4005 chars]",,de,'Eis'
https://www.brigitte.de/beauty/haare/glanz-fuers-haar-aus-der-drogerie--8-glossings--die-wir-lieben-14066396.html,https://www.brigitte.de/beauty/haare/glanz-fuers-haar-aus-der-drogerie--8-glossings--die-wir-lieben-14066396.html,0,www.brigitte.de,"Drogerie-Favoriten: 8 günstige Glossings, die wir lieben","Euer Haar benötigt etwas mehr Frische und eine Portion Glanz? Dann sind diese Glossings aus der Drogerie genau das Richtige für euch. Die BRIGITTE-Redaktion stellt ihre Lieblinge vor, die von blond bis rot reichen.",https://image.brigitte.de/14069240/t/kP/v1/w1440/r1.7778/-/glossingsteaser.jpg,2026-07-16T07:46:00Z,,"Wer sich glänzendes, gesund aussehendes Haar wünscht, stößt früher oder später auf sogenannte Glossings. Die sanften Farbveredelungen gelten als Geheimtipp für mehr Glanz, frische Farbe und gepflegte… [+2145 chars]",,de,'Frische'
https://www.bild.de/sport/fussball/messi-magie-tuchel-trauma-jetzt-hier-reif-ist-live-schauen-6a587bebfdddcf083cdf0145,https://www.bild.de/sport/fussball/messi-magie-tuchel-trauma-jetzt-hier-reif-ist-live-schauen-6a587bebfdddcf083cdf0145,0,www.bild.de,Reif ist Live vom 16.07.26 - Messi-Magie & Tuchel-Trauma,Eine neue Folge „Reif ist live“ nach dem WM-Halbfinale zwischen England und Argentinien mit Kommentatoren-Legende Marcel Reif und Moderator Filip Thiel.,"https://images.bild.de/6a587bebfdddcf083cdf0145/7c9cc9c56593741ee60b89252824f001,cbb552b7?w=1280",2026-07-16T09:56:01Z,,"Mehr zum Video anzeigen 
Eine neue Folge Reif ist live nach dem WM-Halbfinale zwischen England und Argentinien mit Kommentatoren-Legende Marcel Reif und Moderator Filip Thiel.
Quelle: BILD16.07.202… [+12 chars]",,de,'Reif'
https://www.bild.de/sport/fussball/gebrochener-mann-tuchel-interview-loest-betroffenheit-aus-6a5898b28e06d6769140e971,https://www.bild.de/sport/fussball/gebrochener-mann-tuchel-interview-loest-betroffenheit-aus-6a5898b28e06d6769140e971,0,www.bild.de,„Gebrochener Mann“ - Tuchel-Interview löst Betroffenheit aus,Thomas Tuchel ist nach dem WM-Aus gegen Argentinien extrem niedergeschlagen. Das u.v.m. bei „Reif ist Live“.,"https://images.bild.de/6a5898b28e06d6769140e971/e3858133cd0e305529fe05f27ee41869-landscape,7fa1684e?w=1280",2026-07-16T09:58:20Z,,"Mehr zum Video anzeigen 
Thomas Tuchel ist nach dem WM-Aus gegen Argentinien extrem niedergeschlagen. Das u.v.m. bei Reif ist Live.
Quelle: BILD16.07.2026 - 11:58 Uhr",,de,'Reif'
https://www.nzz.ch/zuerich/news-aus-zuerich-winterthurer-sp-reicht-initiative-fuer-bezahlbaren-wohnraum-ein-stadt-soll-wohnungskaeufe-mitfinanzieren-ld.10012099,https://www.nzz.ch/zuerich/news-aus-zuerich-winterthurer-sp-reicht-initiative-fuer-bezahlbaren-wohnraum-ein-stadt-soll-wohnungskaeufe-mitfinanzieren-ld.10012099,0,www.nzz.ch,KURZMELDUNGEN - News aus Zürich: Winterthurer SP reicht Initiative für «bezahlbaren Wohnraum» ein – Stadt soll Wohnungskäufe mitfinanzieren,Die neuesten Meldungen aus dem Kanton.,"https://img-msp-prod.nzz.ch/2026/06/29/63db639c-97e3-4141-98e9-efb6516ec5df.jpg?width=1200&height=674&fit=bounds&quality=75&auto=webp&crop=4500,2531,x0,y234&wmark=nzz",2026-07-16T14:09:19Z,,"Die neuesten Meldungen aus dem Kanton.
NZZ-Redaktion Zürich16.07.2026, 16.09 Uhr
Zusammenfassung
Winterthurer SP reicht Initiative für «bezahlbaren Wohnraum» ein
jhu. Der Wohnungsmarkt ist nicht … [+68010 chars]",,de,'Kälte'
https://www.bild.de/sport/fussball/emotionale-diskussion-nach-argentiniens-kriegs-plakat-sagen-sie-das-niemals-das-ist-nicht-lustig-6a5898c88e06d6769140e97b,https://www.bild.de/sport/fussball/emotionale-diskussion-nach-argentiniens-kriegs-plakat-sagen-sie-das-niemals-das-ist-nicht-lustig-6a5898c88e06d6769140e97b,0,www.bild.de,Emotionale Diskussion nach Argentiniens Kriegs-Plakat - „Sagen Sie das niemals!“ „Das ist nicht lustig!“,Diskussion bei „Reif ist live“ um den Falklandinseln-Konflikt zwischen Argentinien und England.,"https://images.bild.de/6a5898c88e06d6769140e97b/ac231612b294a6871392cb84038e48c8,e4960b9a?w=1280",2026-07-16T17:12:33Z,,"Mehr zum Video anzeigen 
Diskussion bei Reif ist live um den Falklandinseln-Konflikt zwischen Argentinien und England.
Quelle: BILD16.07.2026 - 19:12 Uhr",,de,'Reif'
https://www.bild.de/sport/fussball/aeusserst-spannend-auffaelliges-messi-detail-auf-geheimer-torwartflasche-6a5898988e06d6769140e96d,https://www.bild.de/sport/fussball/aeusserst-spannend-auffaelliges-messi-detail-auf-geheimer-torwartflasche-6a5898988e06d6769140e96d,0,www.bild.de,Äußerst spannend! - Auffälliges Messi-Detail auf geheimer Torwartflasche,"ÜberschriftDie geheime Elfmeter-Flasche von Jordan Pickford. Spannend, was darauf zu lesen ist. Das u.v.m. bei „Reif ist LIVE“.","https://images.bild.de/6a5898988e06d6769140e96d/c7d325e88ebbd5ae37356b159be45e11,1a5693cb?w=1280",2026-07-16T17:12:40Z,,"Mehr zum Video anzeigen 
Die geheime Elfmeter-Flasche von Jordan Pickford. Spannend, was darauf zu lesen ist. Das u.v.m. bei Reif ist Live.
Quelle: BILD16.07.2026 - 19:12 Uhr",,de,'Reif'
https://www.bild.de/sport/fussball/hochinteressante-aussage-kritisiert-kane-hier-etwa-tuchel-6a5898de8e06d6769140e987,https://www.bild.de/sport/fussball/hochinteressante-aussage-kritisiert-kane-hier-etwa-tuchel-6a5898de8e06d6769140e987,0,www.bild.de,Hochinteressante Aussage! - Kritisiert Kane hier etwa Tuchel?,Harry Kane wählt nach dem WM-Aus gegen Argentinien spannende Worte. Das u.v.m. bei „Reif ist Live“.,"https://images.bild.de/6a5898de8e06d6769140e987/9d9f3ce382a9c3e51869540287a9ff3c,d337ebbe?w=1280",2026-07-16T17:52:10Z,,"Mehr zum Video anzeigen 
Harry Kane wählt nach dem WM-Aus gegen Argentinien spannende Worte. Das u.v.m. bei Reif ist Live.
Quelle: BILD16.07.2026 - 19:52 Uhr",,de,'Reif'
https://www.autobild.de/artikel/wohnmobil-reinigen-und-gerueche-nachhaltig-entfernen-28704985.html,https://www.autobild.de/artikel/wohnmobil-reinigen-und-gerueche-nachhaltig-entfernen-28704985.html,0,www.autobild.de,Die besten Pflegetipps für Frische im Wohnmobil,"Nach ein paar Wochen Standzeit kann das Wohnmobil schon mal müffeln. Wir zeigen, wie schnell wieder Frische in den Wohnraum kommt – und geben Tipps gegen den Mief.",https://i.auto-bild.de/ir_img/4/0/7/9/2/0/3/Die-besten-Pflegetipps-fu_r-Frische-im-Wohnmobil-2869-1800x1013-963328cfa38a367d.jpg?impolicy=og_images,2026-07-17T05:03:00Z,,"Stellen Sie sich vor: Nach der letzten Tour parken Sie Ihr Wohnmobil irgendwo. Erst nach ein paar Wochen Standzeit betreten Sie Ihr geliebtes rollendes Heim wieder und werden von einem Duft begrüßt, … [+6934 chars]",,de,'Frische'
https://www.focus.de/panorama/welt/mutter-baut-fuer-17-000-dollar-eigene-eishockey-flaeche-im-keller-fuer-ihre-soehne_8214e605-4fca-44c9-85ca-3d9b97d27eaa.html,https://www.focus.de/panorama/welt/mutter-baut-fuer-17-000-dollar-eigene-eishockey-flaeche-im-keller-fuer-ihre-soehne_8214e605-4fca-44c9-85ca-3d9b97d27eaa.html,0,www.focus.de,Mutter baut für 17.000 Dollar eigene Eishockey-Fläche im Keller für ihre Söhne,Amanda Vernaci aus den USA zeigt auf Instagram regelmäßig ihre Heimwerker-Projekte. Ihr jüngstes Vorhaben stieß jetzt auf besonders viel Interesse.,"https://quadro.burda-forward.de/ctf/3049e125-2075-45fd-a51a-0620caf20205.e011ad04-0d6a-409f-a6c8-b7167d83d46a.jpg?im=RegionOfInterestCrop=(1200,630),regionOfInterest=(1842,1019)&hash=6e9e3e7e1aad270a0cc4c0d5ec09b96b81f883b60434cdf5f7c2fbd4dcea0613",2026-07-17T09:06:00Z,,"Amanda Vernaci, die auf Instagram regelmäßig Inhalte rund ums Heimwerken veröffentlicht, hat ein besonders aufwendiges DIY-Projekt umgesetzt. Sie baute ihren Söhnen ein Eishockey-Feld in den Keller, … [+2222 chars]",,de,'Eis'
https://www.focus.de/immobilien/experte-warnt-wer-beim-heizungstausch-wartet-bekommt-weniger-geld_70cc606b-43cf-4646-a5a6-5efd3d249f07.html,https://www.focus.de/immobilien/experte-warnt-wer-beim-heizungstausch-wartet-bekommt-weniger-geld_70cc606b-43cf-4646-a5a6-5efd3d249f07.html,0,www.focus.de,"Experte warnt: Wer beim Heizungstausch wartet, bekommt weniger Geld",Ab dem 21. Juli gilt eine neue Förderung für Wärmepumpen. Verbraucher kriegen so weniger Geld als vorher. Ein Experte rät vom Abwarten ab.,"https://quadro.burda-forward.de/ctf/536bd372-4015-4df9-a14f-5e8ae8a14252.7a6c302d-de9e-4fef-8a2b-6ef2d56f6807.jpg?im=RegionOfInterestCrop=(1200,630),regionOfInterest=(2140,1144)&hash=71ce14ebd4dba279a4d6fbcb612a01c4d6a69de24f5fef9fd87a1962d2a12be3",2026-07-18T04:04:00Z,,"Zwischen dem 7. und 8. Juli ging ein Beben durch den Heizungsmarkt. Es wurde bekannt, dass die wichtige Förderbank KfW ein Portal zur Heizungsförderung auf Eis legt, um Anpassungen vorzunehmen. Kunde… [+5046 chars]",,de,'Eis'
https://www.faz.net/aktuell/rhein-main/wirtschaft/neues-foerdergesetz-warum-man-sich-beim-kauf-einer-waermepumpe-sputen-sollte-accg-201032526.html,https://www.faz.net/aktuell/rhein-main/wirtschaft/neues-foerdergesetz-warum-man-sich-beim-kauf-einer-waermepumpe-sputen-sollte-accg-201032526.html,0,www.faz.net,Neue Förderregeln: Warum man sich sputen sollte beim Heizungstausch,"Für den Einbau einer Wärmepumpe gibt es vom Staat für die meisten Haushalte künftig weniger Zuschüsse. Die Beträge sinken schrittweise. Wer schnell plant, profitiert.",https://media0.faz.net/image/w1200h627/3d07fd69a39d/w5568h2909x0y401o/202606/43601.0.2208219789/kompliziert-in-die.webp,2026-07-18T07:14:35Z,,Die Nachbarn sind sauer. Das Pärchen hat im Frankfurter Umland ein Haus gekauft und will im Zuge der Sanierung auch eine Wärmepumpe einbauen lassen. Im Vertrauen auf bisherige Aussagen aus der Politi… [+6734 chars],,de,'Heizung'
https://www.faz.net/aktuell/rhein-main/region-und-hessen/hitzewelle-wie-sich-die-tiere-im-frankfurter-zoo-abkuehlen-accg-201030065.html,https://www.faz.net/aktuell/rhein-main/region-und-hessen/hitzewelle-wie-sich-die-tiere-im-frankfurter-zoo-abkuehlen-accg-201030065.html,0,www.faz.net,Hitze im Zoo: Eiskuchen für die Brillenbären,"Wenn das Thermometer auf bis zu 40 Grad klettert, möchte man die Tiere im Frankfurter Zoo bemitleiden. Zu Unrecht, wie sich zeigt.",https://media0.faz.net/image/w1200h627/169cafad76f4/w5308h2773x0y109o/202607/43601.0.2335294964/tierpfleger-jan-von-der-heydt.webp,2026-07-18T07:37:00Z,,"Die Sonne brennt im Frankfurter Zoo, mehr als 30 Grad, kein Wölkchen am Himmel, aber ein Pfleger lässt es im Alpakagehege regnen.  Zwei der drei dort beheimateten Kleinkamele demonstrieren allerdings… [+6437 chars]",,de,'Eis'
https://www.diepresse.com/38253785/venezuela-ruft-nach-erdbeben-346-millionen-dollar-beim-iwf-ab,https://www.diepresse.com/38253785/venezuela-ruft-nach-erdbeben-346-millionen-dollar-beim-iwf-ab,0,www.diepresse.com,Venezuela ruft nach Erdbeben 346 Millionen Dollar beim IWF ab,"Die Beziehungen zwischen dem links-autoritären Maduro-Regime und dem
internationalen Geldgeber lagen davor mehrere Jahre auf Eis.",https://img.diepresse.com/public/incoming/wio9hu-topshot-venezuela-earthquake-aftermath/alternates/WEBP_WIDE_1200/TOPSHOT-VENEZUELA-EARTHQUAKE-AFTERMATH,2026-07-18T08:03:18Z,,"Die Presse auf Google als bevorzugte Nachrichtenquelle hinzufügen.
 Nach den verheerenden Erdbeben in Venezuela hat die Regierung laut der geschäftsführenden Präsidentin Delcy Rodríguez 346 Millione… [+2407 chars]",,de,'Eis'
https://www.n-tv.de/wirtschaft/Thermondo-lobt-sinkend-Foerderung-Schwarz-Rot-steckt-den-Pfad-klar-ab-Es-bleibt-nur-die-Waermepumpe-id31096645.html,https://www.n-tv.de/wirtschaft/Thermondo-lobt-sinkend-Foerderung-Schwarz-Rot-steckt-den-Pfad-klar-ab-Es-bleibt-nur-die-Waermepumpe-id31096645.html,0,www.n-tv.de,"Anbieter lobt sinkende Förderung: ""Schwarz-Rot steckt den Pfad klar ab: Es bleibt nur die Wärmepumpe""","Vergangene Woche überrumpelt die schwarz-rote Koalition die Heizungsbranche. Sie stellt die Wärmepumpen-Förderung um. Ohne Vorwarnung. ""Viele Kunden haben über Nacht 3600 Euro Förderung verloren"", sagt Thermondo-Chef Plog im Interview. Dennoch ist er nicht un…",https://www.n-tv.de/img/31098207/1784302760/Img_16_9/1200/Heat-pump-installers-Simon-Mockler-L-and-Richard-Wilkins-R-from-Lotus-Energy-carry-a-Vaillant-aroTHERM-plus-heat-pump-into-a-residential-property-for-installation-in-Farnham-Surrey-southwest-of-London-on-June-2-2025.jpg,2026-07-18T09:06:46Z,,"Im Südwesten von London wird eine Wärmepumpe installiert: Das ist in Großbritannien deutlich günstiger als in Deutschland. (Foto: AFP)
In der vergangenen Woche überrumpelt die schwarz-rote Koalition… [+12787 chars]",,de,'Heizung'
https://www.zeit.de/zeit-magazin/2026/31/semifreddo-rezept-aprikosen-joghurt-pistazien,https://www.zeit.de/zeit-magazin/2026/31/semifreddo-rezept-aprikosen-joghurt-pistazien,0,www.zeit.de,"Semifreddo: Halbgefroren, aber ganz köstlich","Ohne Eismaschine Eis machen? Ja, das geht, sehr gut sogar. Mit Joghurt, Obst, Honig und Nüssen geht dieses hier im Grunde sogar als Frühstück durch.",https://img.zeit.de/zeit-magazin/2026/31/halbgefroren-aber-ganz-koestlich-bild-1/wide__1300x731,2026-07-18T12:26:34Z,,"Mein Traum wäre es, eine Eismaschine zu besitzen: meine eigene Eisdiele, in der ich selbst mein bester Gast bin. Es gibt offenbar Geräte, die so schnell kühlen, dass man schon nach einer Dreiviertels… [+442 chars]",,de,'Eis'
https://burgenland.orf.at/stories/3363273/,https://burgenland.orf.at/stories/3363273/,0,burgenland.orf.at,Traum von Olympia: Mezgolits zwischen Rollen und Kufen,"Im Winter ist sie im Eisschnelllauf auf Kufen unterwegs, im Sommer wechselt Katharina Mezgolits zum Inline-Speedskating auf Rollen. Langfristig träumt die 20-jährige Eisenstädterin von den Olympischen Spielen.",https://ibs.orf.at/bgl?image=https%3A%2F%2Foekastatic.orf.at%2Fmims%2F2025%2F50%2F51%2Fcrops%2Fw%3D1200%2Ch%3D627%2Cq%3D75%2F2863474_master_1105851_mezgo2.jpg%3Fs%3D2f830f08dea83236fe0097c0ced01be9088e4afd,2026-07-18T16:59:00Z,,"Im Inline-Speedskating zeigte die Formkurve zuletzt stark nach oben. Für ihr deutsches Profi-Team Arena Geisingen holte Katharina Mezgolits beim Europacup in Wörgl ein Top-10-Ergebnis, bei den Staats… [+1552 chars]",,de,'Eis'
https://www.faz.net/aktuell/wissen/medizin-ernaehrung/veganes-vanilleeis-so-cremig-und-sahnig-ist-wie-ei-mit-milch-dieser-frau-ist-es-gelungen-accg-200986851.html,https://www.faz.net/aktuell/wissen/medizin-ernaehrung/veganes-vanilleeis-so-cremig-und-sahnig-ist-wie-ei-mit-milch-dieser-frau-ist-es-gelungen-accg-200986851.html,0,www.faz.net,Veganes Eis: „Vanille ist die anspruchsvollste Sorte“,"Veganes Vanilleeis, das so cremig und sahnig ist wie Eiscreme mit Milch, war das Ziel der Lebensmittelforscher. Stephanie Mittermeier erklärt, wie das gelungen ist.",https://media0.faz.net/image/w1200h627/58cecfbf0d19/w5825h3043x0y223o/202607/43601.0.2288196507/neue-eissorten-in-einer.webp,2026-07-19T06:17:00Z,,"Veganes Vanilleeis, das so cremig und sahnig ist wie Eiscreme mit Milch, war das Ziel der Lebensmittelforscher. Stephanie Mittermeier erklärt, wie das gelungen ist.",,de,'Eis'
https://www.telepolis.de/article/Sanierung-ohne-Daemmung-Wie-Wintergaerten-alte-Wohnblocks-retten-koennen-11368583.html,https://www.telepolis.de/article/Sanierung-ohne-Daemmung-Wie-Wintergaerten-alte-Wohnblocks-retten-koennen-11368583.html,0,www.telepolis.de,Sanierung ohne Dämmung: Wie Wintergärten alte Wohnblocks retten können,60 % weniger Energieverbrauch und mehr Wohnraum: Das französische Sanierungskonzept von Lacaton & Vassal fordert das deutsche Passivhaus heraus.,https://heise.cloudimg.io/bound/1200x1200/q85.png-lossy-85.webp-lossy-85.foil1/_www-heise-de_/imgs/18/5/1/1/8/7/7/3/Cite___Manifeste_2-e2b20be5145b02c5.jpg,2026-07-19T08:00:00Z,,"Cité Manifeste, Mulhouse 2005. Bild: Reinhard Huschke
60 % weniger Energieverbrauch und mehr Wohnraum: Das französische Sanierungskonzept von Lacaton &amp; Vassal fordert das deutsche Passivhaus her… [+13149 chars]",,de,'Kälte'
https://www.bild.de/sport/fussball/wirbel-um-halbzeit-lacher-sehen-die-mbappe-szene-mit-tuchel-alle-falsch-6a5c91ddae8f7851eb5eff07,https://www.bild.de/sport/fussball/wirbel-um-halbzeit-lacher-sehen-die-mbappe-szene-mit-tuchel-alle-falsch-6a5c91ddae8f7851eb5eff07,0,www.bild.de,Wirbel um Halbzeit-Lacher - Sehen die Mbappé-Szene mit Tuchel alle falsch?,In „Reif ist live“ geht es um einen starken Frankreich-Kapitän Kylian Mbappé. Marcel Reif hält ein Plädoyer für den erwachsen gewordenen Superstar.,"https://images.bild.de/6a5c91ddae8f7851eb5eff07/afbf9e1d77ca4d89171af222d9939683,de2271f0?w=1280",2026-07-19T10:23:17Z,,"Mehr zum Video anzeigen 
In Reif ist live geht es um einen starken Frankreich-Kapitän Kylian Mbappé. Marcel Reif hält ein Plädoyer für den erwachsen gewordenen Superstar.
Quelle: BILD19.07.2026 - 1… [+7 chars]",,de,'Reif'
https://www.bild.de/sport/mehr-sport/eisbaeren-berlin-tiffels-fit-fuer-die-titelverteidigung-6a5c6a5b61b8a80211aabe66,https://www.bild.de/sport/mehr-sport/eisbaeren-berlin-tiffels-fit-fuer-die-titelverteidigung-6a5c6a5b61b8a80211aabe66,0,www.bild.de,Eisbären Berlin - Tiffels freut sich auf einen Neuzugang,"Frederik Tiffels: Zuverlässiger Leistungsträger der Eisbären Berlin, stark in Torvorlagen und topfit für die neue DEL-Saison.","https://images.bild.de/6a5c6a5b61b8a80211aabe66/12120cd355492b8ef15a454b3a51b18d,3d284470?w=1280",2026-07-19T10:29:39Z,,TTS-Player überspringenArtikel weiterlesenFrederik Tiffels ist einer der besten Spieler beim Deutschen Meister Eisbären Berlin und in der Nationalmannschaft. Er ist die Zuverlässigkeit in Person. Sei… [+1272 chars],,de,'Eis'
https://www.bild.de/sport/fussball/spanien-trainer-warnt-davor-kennen-sie-dieses-alte-messi-video-6a5c920dae8f7851eb5eff14,https://www.bild.de/sport/fussball/spanien-trainer-warnt-davor-kennen-sie-dieses-alte-messi-video-6a5c920dae8f7851eb5eff14,0,www.bild.de,Spanien-Trainer warnt davor - Kennen Sie dieses alte Messi-Video?,Spaniens Trainer Luis de la Fuente warnt mit dem Hinweis auf ein Jugend-Spiel von Lionel Messi vor dem argentinischen Superstar. In „Reif ist live“ sehen...,"https://images.bild.de/6a5c920dae8f7851eb5eff14/9bcabdc63b11358dfa628ecd6419a8eb-landscape,5eccc83e?w=1280",2026-07-19T10:36:42Z,,"Mehr zum Video anzeigen 
Spaniens Trainer Luis de la Fuente warnt mit dem Hinweis auf ein Jugend-Spiel von Lionel Messi vor dem argentinischen Superstar. In Reif ist live sehen Sie das Match von dam… [+39 chars]",,de,'Reif'
https://www.bild.de/sport/fussball/hier-reif-ist-live-gucken-das-grosse-wm-fazit-6a59d52129b150f031b15d64,https://www.bild.de/sport/fussball/hier-reif-ist-live-gucken-das-grosse-wm-fazit-6a59d52129b150f031b15d64,0,www.bild.de,Reif ist Live vom 19.07.26 - Messi gegen Yamal und das große WM-Fazit,Eine neue Folge „Reif ist live“ mit Kommentatoren-Legende Marcel Reif.,"https://images.bild.de/6a59d52129b150f031b15d64/7c9cc9c56593741ee60b89252824f001,cbb552b7?w=1280",2026-07-19T11:43:24Z,,"Mehr zum Video anzeigen 
Eine neue Folge Reif ist live mit Kommentatoren-Legende Marcel Reif.
Quelle: BILD19.07.2026 - 13:43 Uhr",,de,'Reif'
https://www.bild.de/sport/fussball/scharfe-kritik-nach-wm-spektakel-wohltaetigkeitsspiel-zirkus-6a5c91caae8f7851eb5eff01,https://www.bild.de/sport/fussball/scharfe-kritik-nach-wm-spektakel-wohltaetigkeitsspiel-zirkus-6a5c91caae8f7851eb5eff01,0,www.bild.de,Kritik nach WM-Spektakel - „Wohltätigkeitsspiel!“ ++ „Zirkus!“,England schlägt Frankreich mit 6:4 im Spiel um Platz 3 bei der WM. In „Reif ist live“ äußert Marcel Reif Kritik an der vorletzten WM-Partie.,"https://images.bild.de/6a5c91caae8f7851eb5eff01/87633d040bb0af916cefce4c231826f0,792de739?w=1280",2026-07-19T12:04:33Z,,"Mehr zum Video anzeigen 
England schlägt Frankreich mit 6:4 im Spiel um Platz 3 bei der WM. In Reif ist live äußert Marcel Reif Kritik an der vorletzten WM-Partie.
Quelle: BILD19.07.2026 - 14:04 Uhr",,de,'Reif'
https://www.bild.de/sport/fussball/eintracht-frankfurt-laesst-kroesche-diesen-bundesliga-transfer-platzen-6a5c928cae8f7851eb5eff3a,https://www.bild.de/sport/fussball/eintracht-frankfurt-laesst-kroesche-diesen-bundesliga-transfer-platzen-6a5c928cae8f7851eb5eff3a,0,www.bild.de,Spannende Entwicklungen - Lässt Eintracht jetzt diesen Transfer platzen?,Bei Eintracht Frankfurt liegt ein Bundesliga-Transfer von Sport-Vorstand Markus Krösche aktuell auf Eis. Das hat einen guten Grund.,"https://images.bild.de/6a5c928cae8f7851eb5eff3a/f73c19f1b868fa4a1f3f22bfae0583fc,75ee1591?w=1280",2026-07-19T13:08:52Z,,Eintracht Frankfurt stand kurz vor einem Millionen-Transfer. Doch jetzt liegt der Deal plötzlich erst mal auf Eis. Alle spannenden Hintergründe lesen Sie mit BILDplus.,,de,'Eis'
https://www.bild.de/sport/fussball/war-noch-nicht-der-fall-hier-beweist-tuchel-seine-england-tauglichkeit-6a5c91f1ae8f7851eb5eff0d,https://www.bild.de/sport/fussball/war-noch-nicht-der-fall-hier-beweist-tuchel-seine-england-tauglichkeit-6a5c91f1ae8f7851eb5eff0d,0,www.bild.de,„War noch nicht der Fall“ - HIER beweist Tuchel seine England-Tauglichkeit,In „Reif ist live“ geht es um die Zukunft von Thomas Tuchel als englischer Nationaltrainer.,"https://images.bild.de/6a5c91f1ae8f7851eb5eff0d/b5b4db82ca49d7441d95797e7b976c3c,95fbed0f?w=1280",2026-07-19T13:11:13Z,,"Mehr zum Video anzeigen 
In Reif ist live geht es um die Zukunft von Thomas Tuchel als englischer Nationaltrainer.
Quelle: BILD19.07.2026 - 15:11 Uhr",,de,'Reif'
https://www.faz.net/aktuell/gesellschaft/ungluecke/billi-bierling-ueber-die-bergung-toter-bergsteiger-am-mount-everest-201040756.html,https://www.faz.net/aktuell/gesellschaft/ungluecke/billi-bierling-ueber-die-bergung-toter-bergsteiger-am-mount-everest-201040756.html,0,www.faz.net,Tote Bergsteiger: Sollen die Leichen am Mount Everest geborgen werden?,"Die Bergung toter Bergsteiger aus großer Höhe ist extrem gefährlich und teuer – für die Angehörigen aber oft sehr wichtig. Vieles spricht trotzdem dafür, sie in Schnee und Eis ruhen zu lassen.",https://media0.faz.net/image/w1200h627/05f2e6a4d530/w3000h1567x0y374o/202505/43601.0.1030136607/von-der-tibetischen-nordseite.webp,2026-07-19T14:57:21Z,,Im Mai dieses Jahres mussten zwei indische Mount-Everest-Besteiger ihren Gipfelerfolg mit dem Leben bezahlen. Beide starben an den Folgen akuter Höhenkrankheit. Während Arun Kumar Tiwari auf etwa 879… [+6906 chars],,de,'Schnee'
https://www.bild.de/sport/fussball/leise-durchgewinkt-reif-fazit-erinnert-nochmal-an-groessten-wm-skandal-6a5c9223ae8f7851eb5eff1e,https://www.bild.de/sport/fussball/leise-durchgewinkt-reif-fazit-erinnert-nochmal-an-groessten-wm-skandal-6a5c9223ae8f7851eb5eff1e,0,www.bild.de,„Leise durchgewinkt“ - Reif-Fazit erinnert nochmal an größten WM-Skandal,Marcel Reif greift nochmal in „Reif ist live“ die Beziehung von Infantino zu Trump auf.,"https://images.bild.de/6a5c9223ae8f7851eb5eff1e/e39ab977cab3bdc973edc8ead1d3760a-landscape,a0d149de?w=1280",2026-07-19T15:46:57Z,,"Mehr zum Video anzeigen 
Marcel Reif greift nochmal in Reif ist live die Beziehung von Infantino zu Trump auf.
Quelle: BILD19.07.2026 - 17:46 Uhr",,de,'Reif'
https://www.kino.de/news/tatort-unter-gaertnern-daher-kam-euch-die-gewiefte-eisverkaeuferin-bekannt-vor--01K2C4KR813WX6HQR8SA2ZZA03,https://www.kino.de/news/tatort-unter-gaertnern-daher-kam-euch-die-gewiefte-eisverkaeuferin-bekannt-vor--01K2C4KR813WX6HQR8SA2ZZA03,0,www.kino.de,„Tatort: Unter Gärtnern“: Daher kam euch die gewiefte Eisverkäuferin bekannt vor,"Wir verraten euch, woher ihr die Schauspielerin Margarita Breitkreiz kennen könntet.",https://static.kino.de/3c/7d/e9/95ec16c0fe464bff9c9c6e2b0e_ZmMgODAwMDgwMDBmZmZmIDE5MjAgMTA4MAMzZDljY2U0ZjllMA==.jpeg,2026-07-19T18:30:00Z,,"An diesem Sonntag durften die Münsteraner Kalauer-Könige in einem überraschend spannenden Polit-Thriller ermitteln, dessen Finale noch für einige Diskussionen sorgen dürfte. Grund dafür ist Eisverkäu… [+2772 chars]",,de,'Eis'
https://www.focus.de/panorama/welt/neuer-trend-fuer-die-ultrareichen-auf-yachten-installierte-schneekammern-sollen-in-hitzewelle-fuer-abkuehlung-sorgen_628a5c12-2f98-4ecd-83ad-276db6642a52.html,https://www.focus.de/panorama/welt/neuer-trend-fuer-die-ultrareichen-auf-yachten-installierte-schneekammern-sollen-in-hitzewelle-fuer-abkuehlung-sorgen_628a5c12-2f98-4ecd-83ad-276db6642a52.html,0,www.focus.de,Neuer Trend für die Ultrareichen: Auf Yachten installierte Schneekammern sollen in Hitzewelle für Abkühlung sorgen,"Während sich die Städte weiter aufheizen, investieren Ultrareiche in ihren Villen und auf ihren Yachten in Schneeräume. Zugleich steigt die Zahl der Hitzetoten deutlich.","https://quadro.burda-forward.de/ctf/8df13f5f-e25a-476d-90c3-4126bd97ae38.19620423-9dee-444a-a49f-5b42102a3aad.png?im=RegionOfInterestCrop=(1200,630),regionOfInterest=(885,350)&hash=929d79fe1ca58fb737238d43d509f65415c37feec585aecce4de010b8966b3eb",2026-07-20T08:00:00Z,,"Wenn die Hitze unerträglich wird, suchen die meisten Menschen nach schattigen Plätzen und achten darauf, genug zu trinken. Wie die französische Tageszeitung Ouest-France berichtet, haben Ultrareiche … [+1763 chars]",,de,'Schnee'
https://www.tagesschau.de/inland/innenpolitik/klima-heizungstausch-kuerzungen-100.html,https://www.tagesschau.de/inland/innenpolitik/klima-heizungstausch-kuerzungen-100.html,0,www.tagesschau.de,Wie viel Hilfe es jetzt für den Heizungstausch gibt,"Wer plant, sich eine klimafreundliche Heizung einzubauen, kann ab heute einen neuen Förderantrag stellen. Die KfW-Bank hat das Antragsportal gemäß den Richtlinien angepasst - und die sehen weniger Geld vor. Von Lissy Kaufmann.",https://images.tagesschau.de/image/75df4017-eb42-4731-a4d2-6291cb0ebc17/AAABle3f96E/AAABnSSvrFg/16x9-big/waermepumpen-102.jpg?width=1280,2026-07-21T05:52:19Z,,"Stand: 21.07.2026 07:52 Uhr
Wer plant, sich eine klimafreundliche Heizung einzubauen, kann ab heute einen neuen Förderantrag stellen. Die KfW-Bank hat das Antragsportal gemäß den Richtlinien angepas… [+3222 chars]",,de,'Heizung'
https://www.zeit.de/zeit-magazin/wochenmarkt/2026-07/poisson-cru-rezept-tahiti-kokosmilch-wochenmarkt,https://www.zeit.de/zeit-magazin/wochenmarkt/2026-07/poisson-cru-rezept-tahiti-kokosmilch-wochenmarkt,0,www.zeit.de,Poisson Cru: Ein Löffel Südsee,"Poisson Cru ist nicht Sushi und nicht Ceviche, aber mit beidem verwandt. Das Nationalgericht von Tahiti platzt vor Frische, Limettensaft und Kokosmilch sei Dank.",https://img.zeit.de/zeit-magazin/wochenmarkt/2026-07/das-nationalgericht-von-tahiti-bild-1/wide__1300x731,2026-07-21T09:49:20Z,,"Bei rohem Fisch denken wir unweigerlich an Sushi und an Japan. Wird er in Säure gegart, denken einige sicherlich an Ceviche und an Südamerika. Mit beidem ist Poisson Cru verwandt, zumindest ein bissc… [+448 chars]",,de,'Frische'
https://www.focus.de/panorama/welt/neuer-trend-fuer-die-ultrareichen-auf-yachten-installierte-schneekammern-sollen-in-hitzewelle-fuer-erfrischung-sorgen_628a5c12-2f98-4ecd-83ad-276db6642a52.html,https://www.focus.de/panorama/welt/neuer-trend-fuer-die-ultrareichen-auf-yachten-installierte-schneekammern-sollen-in-hitzewelle-fuer-erfrischung-sorgen_628a5c12-2f98-4ecd-83ad-276db6642a52.html,0,www.focus.de,Neuer Trend für die Ultrareichen: Auf Yachten installierte Schneekammern sollen in Hitzewelle für Erfrischung sorgen,"Während sich die Städte weiter aufheizen, investieren Ultrareiche in ihren Villen und auf ihren Yachten in Schneeräume. Zugleich steigt die Zahl der Hitzetoten deutlich.","https://quadro.burda-forward.de/ctf/8df13f5f-e25a-476d-90c3-4126bd97ae38.19620423-9dee-444a-a49f-5b42102a3aad.png?im=RegionOfInterestCrop=(1200,630),regionOfInterest=(885,350)&hash=929d79fe1ca58fb737238d43d509f65415c37feec585aecce4de010b8966b3eb",2026-07-21T09:55:00Z,,"Wenn die Hitze unerträglich wird, suchen die meisten Menschen nach schattigen Plätzen und achten darauf, genug zu trinken. Wie die französische Tageszeitung Ouest-France berichtet, haben Ultrareiche … [+1763 chars]",,de,'Schnee'
https://www.tagesschau.de/wirtschaft/verbraucher/heizung-foerderung-kfw-100.html,https://www.tagesschau.de/wirtschaft/verbraucher/heizung-foerderung-kfw-100.html,0,www.tagesschau.de,Heizungsaustausch: Wer jetzt mit wie viel Geld rechnen kann,Für den Einbau von Wärmepumpen und klimafreundlichen Heizungen gelten neue Förderregeln. Welche Haushalte mit wie viel staatlicher Unterstützung rechnen können und was beim Antrag zu beachten ist. Von Ursula Mayer.,https://images.tagesschau.de/image/78df93fb-d517-4e3c-ad62-81ffe8dfaa3b/AAABn4RAEig/AAABnSSvrFg/16x9-big/waermepumpe-einfamilienhaus-102.jpg?width=1280,2026-07-21T12:42:34Z,,"Stand: 21.07.2026 14:42 Uhr
Für den Einbau von Wärmepumpen und klimafreundlichen Heizungen gelten neue Förderregeln. Welche Haushalte mit wie viel staatlicher Unterstützung rechnen können und was be… [+4005 chars]",,de,'Heizung'
https://www.n-tv.de/leute/Serienhit-Heated-Rivalry-erobert-auch-die-Musikcharts-id31110078.html,https://www.n-tv.de/leute/Serienhit-Heated-Rivalry-erobert-auch-die-Musikcharts-id31110078.html,0,www.n-tv.de,"Soundtrack bricht Rekorde: Serienhit ""Heated Rivalry"" erobert auch die Musikcharts","Ein Serien-Soundtrack in den Top Ten der US-Album-Charts? Das gab es zuletzt vor mehr als zehn Jahren. Der Hype um die Eishockey-Serie ""Heated Rivalry"" macht nun nicht nur diesen Rekord möglich.",https://www.n-tv.de/img/30315335/1770044360/Img_16_9/1200/hudson-williams-connor-storrie.jpg,2026-07-21T18:28:28Z,,"Soundtrack bricht RekordeSerienhit ""Heated Rivalry"" erobert auch die Musikcharts
Shane Hollander (Hudson Williams) und Ilya Rozanov (Connor Storrie) sind Rivalen auf dem Eis, aber privat sprühen die… [+4584 chars]",,de,'Eis'
https://www.focus.de/reisen/mehr-als-3-meter-schnee-in-72-stunden-skigebiet-komplett-eingeschneit_964c9dad-1990-4df6-856d-2fa79e900535.html,https://www.focus.de/reisen/mehr-als-3-meter-schnee-in-72-stunden-skigebiet-komplett-eingeschneit_964c9dad-1990-4df6-856d-2fa79e900535.html,0,www.focus.de,Mehr als 3 Meter Schnee in 72 Stunden: Skigebiet komplett eingeschneit,"Während hierzulande die Sonne brennt, versinkt das chilenische Skigebiet Portillo im Schnee. Von dort werden Rekordmengen gemeldet.","https://quadro.burda-forward.de/ctf/dea9261c-3ede-49d0-b663-6a929d479d27.0886392e-f7d7-4e9d-a330-5a0de8c7728f.jpg?im=RegionOfInterestCrop=(1200,630),regionOfInterest=(1017,672)&hash=d1bf48af392867785b6d9be39ccac68e1cce5b8b31b7a78a4b691b1235bca148",2026-07-21T18:50:00Z,,"Ein außergewöhnlich schwerer Schneesturm hat innerhalb kürzester Zeit Teile der Anden unter gewaltigen Schneemassen begraben. Besonders stark betroffen ist das chilenische Skigebiet Portillo, in dem … [+2711 chars]",,de,'Schnee'
https://www.sueddeutsche.de/kultur/dreams-film-jessica-chastain-kritik-li.3517018,https://www.sueddeutsche.de/kultur/dreams-film-jessica-chastain-kritik-li.3517018,0,www.sueddeutsche.de,Film: Wohltätigkeit ist hier eine Waffe,Eine Mäzenin hat eine Affäre mit einem jungen mexikanischen Tänzer. Der Film „Dreams“ mit Jessica Chastain dokumentiert die Kälte des Umgangs mit Kunst in den USA.,https://www.sueddeutsche.de/2026/07/21/e8df4d31-beba-49ed-aa32-173ddaf54020.jpg?q=60&fm=webp&width=1200&rect=384%2C0%2C2233%2C1256,2026-07-22T07:29:03Z,,"Fernando weiß, unter welchem Strauch der Haustürschlüssel liegt in dem schicken Viertel von San Francisco. Er weiß, dass es im Kühlschrank immer ein paar Reste zu essen geben wird. Wenn Jennifer dann… [+311 chars]",,de,'Kälte'
https://www.kino-zeit.de/film-kritiken-trailer/salz-und-wasser-2026,https://www.kino-zeit.de/film-kritiken-trailer/salz-und-wasser-2026,0,www.kino-zeit.de,Salz und Wasser (2026),"Film

 

 
 




 
 Farbfilm Verleih GmbH

 
 Salz und Wassser (2025) von Ines Reinisch

 
 






Meter um Meter beißt sich der Forschungseisbrecher Polarstern durch das massive Eis der Ostantarktis. An Bord befinden sich die Schiffsbesatzung und die Wiss…",https://www.kino-zeit.de/sites/default/files/styles/grosse_klickstrecke_940x530_/public/2026-07/salz_und_wasser_2026_7.jpg?itok=gMTm6PI5,2026-07-22T07:41:27Z,,"Meter um Meter beißt sich der Forschungseisbrecher Polarstern durch das massive Eis der Ostantarktis. An Bord befinden sich die Schiffsbesatzung und die Wissenschaftler:innen, die hier in dieser scho… [+1044 chars]",,de,'Eis'
https://www.bild.de/sport/regionalsport/eishockey-duesseldorfer-eg-kehrt-an-die-brehmstrasse-zurueck-6a609ef8ea7bf3843138ae23,https://www.bild.de/sport/regionalsport/eishockey-duesseldorfer-eg-kehrt-an-die-brehmstrasse-zurueck-6a609ef8ea7bf3843138ae23,0,www.bild.de,Für ein Spiel - Düsseldorfer EG kehrt an die Brehmstraße zurück,DAS wird die Eishockey-Fans an die erfolgreiche Zeit der Düsseldorfer EG erinnern!,"https://images.bild.de/6a609ef8ea7bf3843138ae23/318cb116564fb4a8e49b9721114bca48,5c465ead?w=1280",2026-07-22T11:02:20Z,,TTS-Player überspringenArtikel weiterlesenDAS wird die Fans an die erfolgreiche Zeit der Düsseldorfer EG erinnern! Im Rahmen der Saisoneröffnung im August wird der jetzige Zweitligist für ein Spiel i… [+1771 chars],,de,'Eis'
https://orf.at/stories/3435816/,https://orf.at/stories/3435816/,0,orf.at,Tagebücher als Innenschau des Ukraine-Krieges,Andrej Kurkow zählt zu den bekanntesten ukrainischen Schriftstellern der Gegenwart. Mit seinem Roman „Picknick auf dem Eis“ gelang ihm 1999 der internationale Durchbruch. Sein erstes Kriegstagebuch veröffentlichte er ein paar Monate nach dem russischen Überfa…,https://ibs.orf.at/news?image=https%3A%2F%2Fassets.orf.at%2Fmims%2F2026%2F28%2F95%2Fcrops%2Fw%3D1200%2Ch%3D630%2Cq%3D75%2F3108432_master_1203995_kurkow_buch_jahre_feuer_im.jpg%3Fs%3D197956d3ec4b200dcc595efc5bf1bd53b9219268,2026-07-22T11:20:52Z,,Kurz nach dem russischen Angriff auf die Ukraine im März 2022 kam es zu einem historischen Auftritt Kurkows im Casino am Schwarzenbergplatz in Wien: Da kam einer direkt aus dem soeben ausgebrochenen … [+5870 chars],,de,'Eis'
https://www.spektrum.de/kolumne/hemmer-und-messner-erzaehlen-von-alfred-wegener-und-der-kontinentaldrift/2304622,https://www.spektrum.de/kolumne/hemmer-und-messner-erzaehlen-von-alfred-wegener-und-der-kontinentaldrift/2304622,0,www.spektrum.de,"Hemmer und Meßner erzählen: Kleine Geschichte eines Mannes, der Kontinente bewegte","Alfred Wegener wurde berühmt für eine Idee, die vielen wie ausgemachter Unfug vorkam. Von seinem tragischen Ende im Eis und spätem Nachruhm erzählen unsere Kolumnisten.",https://static.spektrum.de/fm/912/f1920x1080/3168297_pa.jpg,2026-07-22T12:25:24Z,,"Mit Wetterballons ins Eis
Geboren wurde Wegener 1880 in Berlin. Er interessierte sich zunächst für Astronomie, schlug aber nach seiner Promotion den Weg Richtung Meteorologie ein. Am Königlich-Preuß… [+9296 chars]",,de,'Eis'
https://www.sueddeutsche.de/projekte/artikel/reise/alvar-aalto-architektur-helsinki-finnland-unesco-e646150/,https://www.sueddeutsche.de/projekte/artikel/reise/alvar-aalto-architektur-helsinki-finnland-unesco-e646150/,0,www.sueddeutsche.de,Welterbe für Alvar Aalto: Ein Gefühl von Heimat,"Das Unesco-Komitee entscheidet, ob 13 Bauten von Alvar Aalto in Finnland Welterbe werden. Ein Besuch beim Werk des Architekten, der die Kälte der Moderne mit der Schönheit der Natur versöhnen wollte.","https://www.sueddeutsche.de/projekte/artikel/reise/alvar-aalto-architektur-helsinki-finnland-unesco-e646150/7e9bce52118f26307e10b5f0caa3c91a49b6e1372f73cc5709386f0c746e72d1_w2400_h1256_r38,0,1920,1005_q70.png",2026-07-22T12:35:00Z,,"Der Türgriff ist erstaunlich. Seine Form organisch gerundet und elegant mit einem Lederband umschlungen, wodurch der Griff angenehm und warm in der Hand liegt. Schön wie ein Schmuckstück sieht das au… [+44 chars]",,de,'Kälte'
https://www.faz.net/aktuell/wirtschaft/immobilien-wohnen/waermepumpe-die-heizungsfoerderung-sollte-noch-sozialer-werden-201053423.html,https://www.faz.net/aktuell/wirtschaft/immobilien-wohnen/waermepumpe-die-heizungsfoerderung-sollte-noch-sozialer-werden-201053423.html,0,www.faz.net,Wärmepumpe und Co.: Die Heizungsförderung sollte noch sozialer werden,"Seit dieser Woche gelten für die Heizungsförderung neue Regeln. Unverständlich bleibt, warum der Bund nicht noch stärker bei den oberen Einkommen kürzt.",https://media0.faz.net/image/w1200h627/cdb126ebeed4/w5667h2961x0y290o/202604/43601.0.2031037129/laeuft-mit-strom-statt-mit-gas.webp,2026-07-22T15:09:51Z,,"Wenn es um Änderungen an Förderprogrammen geht, macht der Bund keine halben Sachen. Nur wenige Stunden, nachdem der Haushaltsausschuss des Bundestages am 8. Juli Kürzungen der Heizungsförderung besch… [+1219 chars]",,de,'Heizung'
https://www.zeit.de/zeit-magazin/wochenmarkt/2026-07/erdnusseis-kagna-crumble-rezept-wochenmarkt,https://www.zeit.de/zeit-magazin/wochenmarkt/2026-07/erdnusseis-kagna-crumble-rezept-wochenmarkt,0,www.zeit.de,Erdnusseis: Der kühlste Trick dieses Sommers,"Kagna ist ein Erdnussdessert in Würfelform und der beliebteste Snack in Westafrika. Traditionell wird er mit Joghurt gegessen, doch Eis passt im Sommer noch besser.",https://img.zeit.de/zeit-magazin/wochenmarkt/2026-07/erdnusseis-bild-bild/wide__1300x731,2026-07-22T16:42:33Z,,"Der Clou dieser simpel anmutenden Köstlichkeit liegt in der raffinierten Zubereitung zweier Zutaten, die vielen in dieser Kombination neu sein dürfte. Es sei denn, man stammt aus Westafrika, dann leu… [+788 chars]",,de,'Eis'
https://www.zeit.de/news/2026-07/23/tempolimit-fuer-gesetze-karlsruhe-urteilt-zum-heizungsgesetz,https://www.zeit.de/news/2026-07/23/tempolimit-fuer-gesetze-karlsruhe-urteilt-zum-heizungsgesetz,0,www.zeit.de,Bundesverfassungsgericht: Tempolimit für Gesetze? Karlsruhe urteilt zum Heizungsgesetz,Hier finden Sie Informationen zu dem Thema „Bundesverfassungsgericht“. Lesen Sie jetzt „Tempolimit für Gesetze? Karlsruhe urteilt zum Heizungsgesetz“.,https://img.zeit.de/news/2026-07/23/tempolimit-fuer-gesetze-karlsruhe-urteilt-zum-heizungsgesetz-image-group/wide__1300x731,2026-07-23T03:30:07Z,,"Kaum ein Vorhaben der Ampel-Regierung sorgte für so hitzige Debatten wie das Heizungsgesetz. Während die schwarz-rote Koalition Kernpunkte kürzlich wieder abschaffte, hat das Bundesverfassungsgericht… [+5120 chars]",,de,'Heizung'
https://noe.orf.at/stories/3363848/,https://noe.orf.at/stories/3363848/,0,noe.orf.at,Mönichkirchen will unabhängiger vom Schnee werden,"Der Schnee wird weniger, die Wintersaisonen werden schwerer planbar. In Mönichkirchen (Bezirk Neunkirchen) versucht man deshalb, den Tourismus breiter aufzustellen. Die Sommergäste werden mehr, wirtschaftlich bleibt der Winter aber weiterhin entscheidend.",https://ibs.orf.at/noe?image=https%3A%2F%2Foekastatic.orf.at%2Fmims%2F2026%2F30%2F17%2Fcrops%2Fw%3D1200%2Ch%3D627%2Cq%3D75%2F3123451_master_1210317_22072026_ka_posch_pk_ganzjahresziel_moenichkirchen_usrcno19ing01_00_35_46_04.jpg%3Fs%3D6ebe8be0cf22a665988e3fcaa51e72ee396251a8,2026-07-23T04:53:00Z,,"Mountaincarts statt Skiern, Wanderwege statt Pisten und ein Frühstück am Sessellift: Die Erlebnisalm Mönichkirchen baut ihr Angebot für die schneefreien Monate seit Jahren aus. 2025 wurden laut Betre… [+6628 chars]",,de,'Winter'
https://www.n-tv.de/politik/Karlsruhe-entscheidet-ueber-Entschleunigung-von-Gesetzen-id31115356.html,https://www.n-tv.de/politik/Karlsruhe-entscheidet-ueber-Entschleunigung-von-Gesetzen-id31115356.html,0,www.n-tv.de,Nach zu schnellem Heizungsgesetz: Karlsruhe entscheidet über Entschleunigung von Gesetzen,"Das Heizungsgesetz der Ampel ist anfangs mit der heißen Nadel gestrickt und erfährt bis zu seiner Verabschiedung noch viele Änderungen. Zu viele, beklagt CDU-Politiker Heilmann, und fordert mehr Zeit für Abgeordnete vor Abstimmungen. Ob sie die bekommen, ents…",https://www.n-tv.de/img/31115374/1784787920/Img_16_9/1200/Thomas-Heilmann-CDU-Antragsteller-zum-Verfahren-Gebaeudeenergiegesetzaenderungsgesetz-wartet-im-Bundesverfassungsgericht-im-Sitzungssaal-auf-den-Beginn-der-Verhandlung.jpg,2026-07-23T05:20:45Z,,"Thomas Heilmann strengte das sogenannte Organstreitverfahren gegen das Heizungsgesetz der Ampelregierung an. (Foto: picture alliance/dpa)
Kaum ein Vorhaben der Ampel-Regierung sorgte für so hitzige … [+5244 chars]",,de,'Heizung'
https://www.welt.de/politik/video6a61a97ea61f29895b48410e/karlsruhe-urteil-zum-heizungsgesetz-verfassungsgericht-entscheidet-ueber-eilverfahren.html,https://www.welt.de/politik/video6a61a97ea61f29895b48410e/karlsruhe-urteil-zum-heizungsgesetz-verfassungsgericht-entscheidet-ueber-eilverfahren.html,0,www.welt.de,Urteil zum Heizungsgesetz – Verfassungsgericht entscheidet über Eilverfahren,"Mit dem Heizungsgesetz wollte die alte Ampel-Koalition Heizen in Deutschland klimafreundlicher machen. Es hagelte Kritik – nicht nur am Inhalt, sondern auch am Gesetzgebungsprozess. Nun fällt ein Urteil.",https://images.welt.de/6a61a97ea61f29895b48410e/d3ec165d4e40574e5e1b4c91a745fb92/ci16x9-w1200/dpa-com-260723-935-1497331-jpg,2026-07-23T05:56:03Z,,"Mit dem Heizungsgesetz wollte die alte Ampel-Koalition Heizen in Deutschland klimafreundlicher machen. Es hagelte Kritik nicht nur am Inhalt, sondern auch am Gesetzgebungsprozess. Nun fällt ein Urtei… [+61 chars]",,de,'Heizen'
https://science.orf.at/stories/3236568/,https://science.orf.at/stories/3236568/,0,science.orf.at,Europas Hitze bringt Kälte in Arktis,"Es klingt paradox, aber die Hitzewelle Ende Juni in Europa hat Grönland kühles Wetter gebracht. Moderate Temperaturen kommen zwar dem Eispanzer auf der Insel zugute, die langfristigen Veränderungen durch die Klimaerwärmung bleiben, betonen Forschende der öste…",https://ibs.orf.at/science?image=https%3A%2F%2Ftubestatic.orf.at%2Fmims%2F2026%2F30%2F10%2Fcrops%2Fw%3D1200%2Ch%3D627%2Cq%3D75%2F3123253_master_1210210_eisberg_tor-2.jpg%3Fs%3D00871d0f410c134b4724bcad4c2cc7f1069bd650,2026-07-23T05:56:34Z,,Österreichs Forschungsstation in Ostgrönland ist voll besetzt. Mehr als zwanzig Studierende eröffnen gemeinsam mit Forscherinnen und Forscher die Sommersaison im Sermilik-Fjord. Bei moderaten Tempera… [+2863 chars],,de,'Kälte'
https://www.focus.de/reisen/es-schneit-immer-weiter-inzwischen-ueber-4-5-meter-schnee-skigebiet-geschlossen_964c9dad-1990-4df6-856d-2fa79e900535.html,https://www.focus.de/reisen/es-schneit-immer-weiter-inzwischen-ueber-4-5-meter-schnee-skigebiet-geschlossen_964c9dad-1990-4df6-856d-2fa79e900535.html,0,www.focus.de,"Es schneit immer weiter: Inzwischen über 4,5 Meter Schnee, Skigebiet geschlossen","Während hierzulande die Sonne brennt, versinkt das chilenische Skigebiet Portillo im Schnee. Inzwischen hat er die Marke von 4,5 Metern erreicht.","https://quadro.burda-forward.de/ctf/dea9261c-3ede-49d0-b663-6a929d479d27.0886392e-f7d7-4e9d-a330-5a0de8c7728f.jpg?im=RegionOfInterestCrop=(1200,630),regionOfInterest=(1017,672)&hash=d1bf48af392867785b6d9be39ccac68e1cce5b8b31b7a78a4b691b1235bca148",2026-07-23T08:11:00Z,,"Update vom 23. Juli:
In dem chilenischen Skigebiet Portillo in der Región de Valparaíso hat sich die Schneelage weiter verschärft. Inzwischen liegt dort nach Angaben der Betreiber mehr als 4,5 Meter… [+3356 chars]",,de,'Schnee'
https://www.tagesspiegel.de/politik/hochstes-deutsches-gericht-heizungsgesetz-urteil-bundestag-bleibt-beim-tempo-flexibel-15869381.html,https://www.tagesspiegel.de/politik/hochstes-deutsches-gericht-heizungsgesetz-urteil-bundestag-bleibt-beim-tempo-flexibel-15869381.html,0,www.tagesspiegel.de,Höchstes deutsches Gericht: Heizungsgesetz-Urteil: Bundestag bleibt beim Tempo flexibel,Wann wird aus einem schnellen Gesetzgebungsverfahren ein zu schnelles Gesetzgebungsverfahren? Das sollte das Bundesverfassungsgericht klären. Konkrete Grenzen setzt das Gericht nun aber nicht.,https://www.tagesspiegel.de/images/15870636/alternates/BASE_16_9_W1400/1784802314000/urteil-des-bundesverfassungsgerichts-zu-heizungsgesetz.jpeg,2026-07-23T08:20:03Z,,"Wie schnell der Bundestag über Gesetze berät und sie verabschiedet, ist weitgehend ihm selbst überlassen. Die Verfassung setzt der Beschleunigung von Gesetzgebungsverfahren eine Grenze, aber nicht im… [+5139 chars]",,de,'Heizung'
https://www.tagesspiegel.de/politik/oberstes-gericht-bundesverfassungsgericht-kein-tempolimit-fur-gesetzgebung-15869381.html,https://www.tagesspiegel.de/politik/oberstes-gericht-bundesverfassungsgericht-kein-tempolimit-fur-gesetzgebung-15869381.html,0,www.tagesspiegel.de,Oberstes Gericht: Bundesverfassungsgericht: Kein „Tempolimit“ für Gesetzgebung,Nicht nur inhaltlich war das Heizungsgesetz der Ampel-Regierung umstritten. Auch der zeitliche Ablauf stand in der Kritik. Karlsruhe klärt nun: eine bezifferte Höchstgeschwindigkeit gibt es nicht.,https://www.tagesspiegel.de/images/15869419/alternates/BASE_16_9_W1400/1784795418000/bundesverfassungsgericht-verhandelt-zu-heizungsgesetz.jpeg,2026-07-23T08:20:03Z,,Im Streit um ein verfassungsrechtliches Tempolimit für Gesetzgebungsverfahren hat das Bundesverfassungsgericht eine Klage des ehemaligen CDU-Abgeordneten Thomas Heilmann verworfen. Die Verfassung set… [+3331 chars],,de,'Heizung'
https://www.focus.de/politik/ausland/in-der-polnischen-armee-entsteht-eine-neue-einheit-sie-soll-in-schwierigem-gelaende-ueberleben-koennen_1ee612b1-b5e6-45d9-a947-12fef5b438c8.html,https://www.focus.de/politik/ausland/in-der-polnischen-armee-entsteht-eine-neue-einheit-sie-soll-in-schwierigem-gelaende-ueberleben-koennen_1ee612b1-b5e6-45d9-a947-12fef5b438c8.html,0,www.focus.de,In der polnischen Armee entsteht eine neue Einheit. Sie soll in schwierigem Gelände überleben können,"Polen baut in Wojnarowa ein neues Gebirgsbataillon auf. Die Einheit soll ab 2028 in Bergen, bei Kälte und aus der Luft einsetzbar sein.","https://quadro.burda-forward.de/ctf/6b805d62-99d3-4649-b5bd-ddc2308b1b4d.b504385d-e5fe-49cd-bf51-b07fcf4175f8.jpg?im=RegionOfInterestCrop=(1200,630),regionOfInterest=(1553,1690)&hash=218eed5beef1ade689ba7ef6cf6e1038b0ce272de7c3362795770f58d1fa69cc",2026-07-23T10:08:00Z,,"Polens Armee baut in Wojnarowa im Südosten des Landes ein neues Gebirgsbataillon auf. Die Einheit soll in schwer zugänglichem Gelände, bei extremer Kälte und aus der Luft kämpfen können, berichtet da… [+1708 chars]",,de,'Kälte'
https://science.orf.at/stories/3236631/,https://science.orf.at/stories/3236631/,0,science.orf.at,Forscher lassen ihr Schiff einfrieren,"Sie sieht aus wie ein UFO, die Tara Polar Station ist aber ein Forschungsschiff, das sich demnächst monatelang absichtlich im Meereis der Arktis einfrieren lassen wird. Und das mitsamt der Crew und einem Hund, der vor Eisbären warnt.",https://ibs.orf.at/science?image=https%3A%2F%2Ftubestatic.orf.at%2Fmims%2F2026%2F30%2F21%2Fcrops%2Fw%3D1200%2Ch%3D627%2Cq%3D75%2F3123947_master_1210521_2026_07_19_depart_tara_polaris_i__lorientdji_0025francois_dourlen_-_fondation_tara_ocean.jpg%3Fs%3D3dbf4e5479d153e559ac16fbf6b29ed849928d19,2026-07-23T12:21:42Z,,"Die Tara Polar Station ist oval, bauchig gebaut und gerade einmal 26 Meter lang. Sie ist als Erstes mal ein Schiff. Nur wenn man das Ding sieht, wird man gar nicht an ein Schiff denken es ist eigentl… [+6469 chars]",,de,'Kälte'
https://www.faz.net/aktuell/wirtschaft/klima-nachhaltigkeit/flusswasserwaermepumpe-wenn-der-rhein-zur-heizung-wird-201059709.html,https://www.faz.net/aktuell/wirtschaft/klima-nachhaltigkeit/flusswasserwaermepumpe-wenn-der-rhein-zur-heizung-wird-201059709.html,0,www.faz.net,Flusswasserwärmepumpe: Wenn der Rhein zur Heizung wird,Der Bau von Europas größter Flusswasserwärmepumpe geht jetzt in die entscheidende Phase. Energieökonomen versprechen sich viel von dieser Art des Heizens – warnen allerdings vor mehreren Hürden.,https://media0.faz.net/image/w1200h627/9d8dded70eb4/w6144h3210x0y142o/202607/43601.0.2364399623/prominenz-fuer-ein.webp,2026-07-23T19:25:59Z,,"Wer das wärmewirtschaftliche Vorzeigeprojekt Kölns sehen möchte, muss ein Stück den Rhein entlangfahren. Den Fluss säumen in dieser Niedrigwasserperiode breite Kiesstrände, vom Ufer her riecht es muf… [+6841 chars]",,de,'Heizen'
https://www.nzz.ch/schweiz/ich-werde-immer-wieder-da-hoch-gehen-auch-wenn-es-kein-eis-mehr-gibt-sagt-der-bekannteste-gletscherforscher-der-schweiz-ld.10015809,https://www.nzz.ch/schweiz/ich-werde-immer-wieder-da-hoch-gehen-auch-wenn-es-kein-eis-mehr-gibt-sagt-der-bekannteste-gletscherforscher-der-schweiz-ld.10015809,0,www.nzz.ch,"INTERVIEW - «Ich werde immer wieder da hoch gehen, auch wenn es kein Eis mehr gibt», sagt der bekannteste Gletscherforscher der Schweiz","Der ETH-Glaziologe Matthias Huss dokumentiert seit Jahren den Eisverlust in den Schweizer Alpen. Im Gespräch erklärt er, warum er trotz immer neuen «Hiobsbotschaften» weitermacht, seinen Kindern aber andere Berufe empfiehlt.","https://img-msp-prod.nzz.ch/2026/07/17/ec49c66a-7888-4eed-945a-705e9fc89dd5.jpg?width=1200&height=674&fit=bounds&quality=75&auto=webp&crop=5731,3223,x0,y424&wmark=nzz",2026-07-24T03:30:00Z,,"Herr Huss, Sie sind der bekannteste Gletscherforscher der Schweiz. Wie lange wird es Ihren Beruf noch geben?
Optimieren Sie Ihre Browsereinstellungen
NZZ.ch benötigt JavaScript für wichtige Funktio… [+13200 chars]",,de,'Schnee'
https://www.faz.net/aktuell/wissen/erde-klima/duerre-in-deutschland-was-heisst-das-fuer-ein-eigentlich-wasserreiches-land-110586303.html,https://www.faz.net/aktuell/wissen/erde-klima/duerre-in-deutschland-was-heisst-das-fuer-ein-eigentlich-wasserreiches-land-110586303.html,0,www.faz.net,Dürre in Deutschland: Ein Land im Trockenstress,"Das erste Halbjahr des Jahres 2026 war in Deutschland zu trocken. Schon im Winter fiel nicht besonders viel Niederschlag, weder Regen noch Schnee. Die Folge: Dürre. Aber was heißt das in einem Land, das lange als wasserreich galt?",https://media0.faz.net/image/w1200h627/392327cdd358/w2864h1496x292y62o/202507/1.10574819/pp-1-10574819.webp,2026-07-24T08:00:23Z,,"Ein Land im Trockenstress
Von JENS GIESEL, CLAUDIA BOTHE, SANDRA LIERMANN und FRAUKE ZBIKOWSKI
24. Juli 2026 · Das erste Halbjahr des Jahres 2026 war in Deutschland zu trocken wie bereits im letzte… [+5848 chars]",,de,'Winter'
https://www.focus.de/reisen/es-schneit-immer-weiter-inzwischen-ueber-5-28-meter-schnee-skigebiet-geschlossen_964c9dad-1990-4df6-856d-2fa79e900535.html,https://www.focus.de/reisen/es-schneit-immer-weiter-inzwischen-ueber-5-28-meter-schnee-skigebiet-geschlossen_964c9dad-1990-4df6-856d-2fa79e900535.html,0,www.focus.de,"Es schneit immer weiter: Inzwischen über 4,5 Meter Schnee, Skigebiet geschlossen","Während hierzulande die Sonne brennt, versinkt das chilenische Skigebiet Portillo immer mehr im Schnee. Inzwischen hat er die Marke von 5,28 Metern erreicht.","https://quadro.burda-forward.de/ctf/dea9261c-3ede-49d0-b663-6a929d479d27.0886392e-f7d7-4e9d-a330-5a0de8c7728f.jpg?im=RegionOfInterestCrop=(1200,630),regionOfInterest=(1017,672)&hash=d1bf48af392867785b6d9be39ccac68e1cce5b8b31b7a78a4b691b1235bca148",2026-07-24T13:02:00Z,,"5,28 Meter Schnee, Wintersportort bleibt geschlossen
Update vom 24. Juli: Es hört nicht auf zu schneien in Portillo. Inzwischen werden 5,28 Meter Schnee gemeldet. Das chilenische Skigebiet bleibt na… [+3641 chars]",,de,'Schnee'
https://www.ibiza-heute.de/ibiza-stadt-feiert-seine-schutzheiligen/,https://www.ibiza-heute.de/ibiza-stadt-feiert-seine-schutzheiligen/,0,www.ibiza-heute.de,Ibiza-Stadt feiert seine Schutzheiligen,"Mit den „Festes de la Terra“ (Festtage der Insel) feiert Eivissa jedes Jahr seine beiden Schutzheiligen – die „Mare de Déu de les Neus“ (Unsere Liebe Frau vom Schnee), Schutzpatronin Ibizas und Formenteras, sowie „Sant Ciriac“ (St. Cyriakus), den Schutzpatron…",https://www.ibiza-heute.de/wp-content/uploads/2026/07/ibizaheute-festesdelaterra-eivissa-ibiza-2026-1.jpg,2026-07-24T17:00:52Z,,"Mit den Festes de la Terra (Festtage der Insel) feiert Eivissa jedes Jahr seine beiden Schutzheiligen die Mare de Déu de les Neus (Unsere Liebe Frau vom Schnee), Schutzpatronin Ibizas und Formenteras… [+3580 chars]",,de,'Schnee'
https://www.welt.de/wirtschaft/article6a6383413952477c49b2d083/energie-kosten-fuer-gasheizungen-koennten-sich-verdoppeln-warnt-iw-studie.html,https://www.welt.de/wirtschaft/article6a6383413952477c49b2d083/energie-kosten-fuer-gasheizungen-koennten-sich-verdoppeln-warnt-iw-studie.html,0,www.welt.de,"Kosten für Gasheizungen könnten sich verdoppeln, warnt IW-Studie",Durch das neue Heizungsgesetz droht eine Explosion der Heizkosten für Verbraucher. Davor warnt eine Studie des Instituts der Deutschen Wirtschaft. Der Preis für das Heizen mit Gas droht sich bis 2040 zu verdoppeln.,https://images.welt.de/6a6383413952477c49b2d083/b1d48e0aa458b29e59eff9eb3f8c3f44-master/ci16x9-w1200/507555890-jpg,2026-07-24T22:03:31Z,,Durch das neue Heizungsgesetz droht eine Explosion der Heizkosten für Verbraucher. Davor warnt eine Studie des Instituts der Deutschen Wirtschaft. Der Preis für das Heizen mit Gas droht sich bis 2040… [+2004 chars],,de,'Gas'
https://www.nzz.ch/gesellschaft/amazing-in-die-antarktis-zu-reisen-ist-einmalig-und-einmalig-schoen-warum-uns-fuer-ueberwaeltigendes-die-worte-fehlen-ld.10012355,https://www.nzz.ch/gesellschaft/amazing-in-die-antarktis-zu-reisen-ist-einmalig-und-einmalig-schoen-warum-uns-fuer-ueberwaeltigendes-die-worte-fehlen-ld.10012355,0,www.nzz.ch,"«Amazing!»: In die Antarktis zu reisen, ist einmalig – und einmalig schön. Warum uns für Überwältigendes die Worte fehlen","Der kälteste, der windigste, der kargste Kontinent. Für die Antarktis gibt es anscheinend nur Superlative. Und doch versagen sie alle, sobald die ersten Eisberge auftauchen. Was bleibt?","https://img-msp-prod.nzz.ch/2026/07/20/1896b1a1-45c2-45d1-9c31-45c0792e6baf.jpg?width=1200&height=675&fit=bounds&quality=75&auto=webp&crop=1920,1080,x0,y0&wmark=nzz",2026-07-25T03:30:00Z,,"Die Antarktis ist schwarz. Verrostete Zisternen türmen sich in den Himmel, durch windschiefe Holzbaracken pfeift der Wind. Pinguinfedern wirbeln durch die Luft, die Tiere selbst liegen in einer Mulde… [+24544 chars]",,de,'Eis'
https://www.zeit.de/news/2026-07/25/wie-ein-eisberg-eine-kaiserpinguin-kolonie-bedroht,https://www.zeit.de/news/2026-07/25/wie-ein-eisberg-eine-kaiserpinguin-kolonie-bedroht,0,www.zeit.de,Gefährdete Art: Wie ein Eisberg eine Kaiserpinguin-Kolonie bedroht,Hier finden Sie Informationen zu dem Thema „Gefährdete Art“. Lesen Sie jetzt „Wie ein Eisberg eine Kaiserpinguin-Kolonie bedroht“.,https://img.zeit.de/news/2026-07/25/wie-ein-eisberg-eine-kaiserpinguin-kolonie-bedroht-image-group/wide__1300x731,2026-07-25T08:17:33Z,,"Kaiserpinguine trotzen eisigen Temperaturen, monatelanger Dunkelheit und weiten Wegen durchs antarktische Eis. Doch ausgerechnet ein Eisberg hat kürzlich wohl den Bruterfolg in einer der größten Kolo… [+3548 chars]",,de,'Eis'
https://www.focus.de/wissen/jetstream-haengt-fest-suedgroenland-bibbert-europa-schwitzt_c8f442de-4aac-4c39-be2d-f5b39892ab5e.html,https://www.focus.de/wissen/jetstream-haengt-fest-suedgroenland-bibbert-europa-schwitzt_c8f442de-4aac-4c39-be2d-f5b39892ab5e.html,0,www.focus.de,"Jetstream hängt fest: Südgrönland bibbert, Europa schwitzt","Weil sich der Jetstream festgesetzt hat, schwitzt Europas und verhindert die Eisschmelze in Grönland. Doch die kurze Abkühlung stoppt den Klimatrend nicht.","https://quadro.burda-forward.de/ctf/f0870aa4-c08b-40b4-9172-42615d5a95b6.83a836ee-c851-4efe-8a42-22bae7cb8647.jpeg?im=RegionOfInterestCrop=(1200,630),regionOfInterest=(645,430)&hash=c72da31ebbc832106d8780122127fb5c90f7f8e1659d60604f5a2bed47827990",2026-07-25T10:32:00Z,,"Während sich die Hitze Ende Juni über Europa festsetzte, strömte kalte Luft ungewöhnlich weit nach Südgrönland. Für den grönländischen Eispanzer hatte die Wetterlage einen günstigen Nebeneffekt: An s… [+4242 chars]",,de,'Eis'
"https://www.gamestar.de/artikel/rollenspiel-hawaii-crime-drama,3456931.html","https://www.gamestar.de/artikel/rollenspiel-hawaii-crime-drama,3456931.html",0,www.gamestar.de,Deals: Reif für Hawaii? - In diesem RPG erkundet ihr seine Unterwelt! [Anzeige],Ab nach Hawaii? Klar! Wenn ihr euch rundenbasiert mit der Unterwelt der Insel anlegen wollt! Und genau das könnt ihr jetzt günstig in einem wirklich lohnenswerten Rollenspiel!,https://images.cgames.de/images/gamestar/293/like-a-dragon-infinite-wealth_6430893.jpg,2026-07-25T14:28:00Z,,"Eins der filmreifesten und emotionalsten Rollenspiele überhaupt könnt ihr aktuell in einem extrem guten Angebot mitnehmen! Hier gibt es hunderte von Stunden an Spielspaß, während ihr das tropische Ha… [+2041 chars]",,de,'Reif'
https://www.faz.net/aktuell/reise/pompeji-warum-sie-das-antike-weltwunder-meiden-sollten-accg-201018501.html,https://www.faz.net/aktuell/reise/pompeji-warum-sie-das-antike-weltwunder-meiden-sollten-accg-201018501.html,0,www.faz.net,Reisewarnung: Fahren Sie bloß nicht nach Pompeji!,"Kein einziges Eiscafé mit Hafermilchoption! Nirgendwo ein vernünftiger Geldautomat. Stattdessen überall Säulen, Säulen, Säulen: Das Weltwunder am Fuße des Vesuvs ist nichts als eine gigantische Abzocke.",https://media0.faz.net/image/w1200h627/8a15b00b91f4/w4500h2351x0y453o/202506/43601.0.1111044430/touristen-auf-dem-hauptplatz.webp,2026-07-25T15:51:24Z,,"Attenzione, Leute, alle mal hergehört hier eine wichtige Reisewarnung: Ich war nämlich gerade in Pompeji. Und kann jedem nur davon abraten, es mir gleichzutun. Geht auf keinen Fall dahin, assolutamen… [+3173 chars]",,de,'Eis'
https://www.focus.de/reisen/ueber-5-28-meter-schnee-zwingen-skigebiet-zur-schliessung_964c9dad-1990-4df6-856d-2fa79e900535.html,https://www.focus.de/reisen/ueber-5-28-meter-schnee-zwingen-skigebiet-zur-schliessung_964c9dad-1990-4df6-856d-2fa79e900535.html,0,www.focus.de,"Über 5,28 Meter Schnee zwingen Skigebiet zur Schließung","Während hierzulande die Sonne brennt, versinkt das chilenische Skigebiet Portillo immer mehr im Schnee. Inzwischen hat er die Marke von 5,28 Metern erreicht.","https://quadro.burda-forward.de/ctf/dea9261c-3ede-49d0-b663-6a929d479d27.0886392e-f7d7-4e9d-a330-5a0de8c7728f.jpg?im=RegionOfInterestCrop=(1200,630),regionOfInterest=(1017,672)&hash=d1bf48af392867785b6d9be39ccac68e1cce5b8b31b7a78a4b691b1235bca148",2026-07-26T05:53:00Z,,"5,28 Meter Schnee, Wintersportort bleibt geschlossen
Update vom 24. Juli: Es hört nicht auf zu schneien in Portillo. Inzwischen werden 5,28 Meter Schnee gemeldet. Das chilenische Skigebiet bleibt na… [+3641 chars]",,de,'Schnee'
https://www.faz.net/aktuell/sport/formel-1/formel-1-lando-norris-warten-endet-beim-grossen-preis-von-ungarn-accg-200608332.html,https://www.faz.net/aktuell/sport/formel-1/formel-1-lando-norris-warten-endet-beim-grossen-preis-von-ungarn-accg-200608332.html,0,www.faz.net,Lando Norris siegt in Ungarn: Das Warten des Weltmeisters hat ein Ende,"Zum ersten Mal seit November gewinnt Lando Norris wieder einen Grand Prix. Max Verstappen gelingt derweil eins der Manöver der Saison, Kimi Antonelli eine Aufholjagd. Und Ferraris Reifenpoker wird zum Desaster.",https://media0.faz.net/image/w1200h627/38776f7eb5be/w3165h1653x0y217o/202607/43601.0.2373680608/liebkosungen-fuer-die-trophaee.webp,2026-07-26T15:01:14Z,,"Farbwechsel in der Formel 1: Beim letzten Rennen vor der Sommerpause feiert Weltmeister Lando Norris ein Comeback, zum ersten Mal seit November 2025 gewinnt der Brite wieder einen Grand Prix. Unglaub… [+5964 chars]",,de,'Frische'
https://www.freitag.de/autoren/svenja-beller/schnee-als-luxus-was-milliardaere-nun-in-ihre-villen-und-jachten-einbauen-lassen,https://www.freitag.de/autoren/svenja-beller/schnee-als-luxus-was-milliardaere-nun-in-ihre-villen-und-jachten-einbauen-lassen,0,www.freitag.de,Schnee als Luxus: Was Milliardäre nun in ihre Villen und Jachten einbauen lassen,"Ein Blick auf die globale Ungleichheit: Hitzerekorde und Klimakrise für die Normalos, künstlicher Schnee für die Superreichen Während wir ungläubig den neuen deutschen Hitzerekord von 41,8 Grad aufzeichnen (durchlitten Ende Juni von schwitzenden Menschen in S…",https://www.freitag.de/autoren/svenja-beller/schnee-als-luxus-was-milliardaere-nun-in-ihre-villen-und-jachten-einbauen-lassen/@@images/image/great,2026-07-27T03:00:00Z,,"Während wir ungläubig den neuen deutschen Hitzerekord von 41,8 Grad aufzeichnen (durchlitten Ende Juni von schwitzenden Menschen in Sachsen-Anhalt) und weiterhin Tipps über Folien an den Fenstern, na… [+3535 chars]",,de,'Kälte'
https://www.faz.net/aktuell/technik-motor/motor/frische-ware-von-maybach-accg-201051329.html,https://www.faz.net/aktuell/technik-motor/motor/frische-ware-von-maybach-accg-201051329.html,0,www.faz.net,Frische Ware von maybach: Wadenmassage,"Wer Geld hat, ist wählerisch. Mercedes empfiehlt Maybach mit frischem Elan und reicher Historie. Wir wären am liebsten liegen geblieben. Also nicht mit dem Auto, in dem Auto.",https://media0.faz.net/image/w1200h627/ae5d63cb6141/w5455h2850x252y676o/202607/43601.0.2345674533/steht-da-mercedes-maybach-gls.webp,2026-07-27T07:40:52Z,,"Die typische Maybach-Erzählung gibt es nicht. Duft und Klang und Lack und Leder dringen unter die Haut und in den Bauch, wiewohl wissend, dass die Botschaft aus einer fernen Zeit herüberhallt. Pretio… [+133 chars]",,de,'Frische'
https://www.focus.de/immobilien/iw-studie-alarmierend-gasheizungen-werden-zur-kostenfalle_757df158-6ed5-493b-9495-2f7868ac9ebe.html,https://www.focus.de/immobilien/iw-studie-alarmierend-gasheizungen-werden-zur-kostenfalle_757df158-6ed5-493b-9495-2f7868ac9ebe.html,0,www.focus.de,IW-Studie „alarmierend”: Gasheizungen werden zur Kostenfalle,Bis 2040 sollen Gasheizungen fast doppelt so teuer sein wie heute. Dafür gibt es drei wichtige Gründe.,"https://quadro.burda-forward.de/ctf/363b7194-d208-4e0f-be81-8d4e0a1bba3e.58c50b69-e9d3-43b9-a60d-b2d542a35e94.jpg?im=RegionOfInterestCrop=(1200,630),regionOfInterest=(2795,1661)&hash=9f5a910625d2df3773167d54eb3493531ca4488fb0565e12208eea2ef9b4282b",2026-07-27T12:16:00Z,,"Durch das neue Heizungsgesetz sind fossile Heizungen weiterhin erlaubt. Seitens der Regierung hieß es, das solle für mehr Freiheit im Heizungskeller sorgen. Gleichzeitig ist dies jedoch an die Beding… [+4301 chars]",,de,'Gas'
https://stadt-bremerhaven.de/nike-air-zoom-hyperslide-diese-latschen-massieren-und-waermen-eure-fuesse/,https://stadt-bremerhaven.de/nike-air-zoom-hyperslide-diese-latschen-massieren-und-waermen-eure-fuesse/,0,stadt-bremerhaven.de,Nike Air Zoom Hyperslide: Diese Latschen massieren und wärmen eure Füße,"Nike hat in Kooperation mit Hyperice Latschen/Pantoffeln vorgestellt, die euch die Füße per Heizung aufwärmen und auch noch massieren können. Klingt erstmal eher nach einem Gimmick,...Zum Beitrag: Nike Air Zoom Hyperslide: Diese Latschen massieren und wärmen …",https://stadt-bremerhaven.de/wp-content/uploads/2026/07/001_nike-air-zoom-hyperslide-1.jpg,2026-07-27T16:00:07Z,,"Nike hat in Kooperation mit Hyperice Latschen/Pantoffeln vorgestellt, die euch die Füße per Heizung aufwärmen und auch noch massieren können. Klingt erstmal eher nach einem Gimmick, richtet sich aber… [+2315 chars]",,de,'Heizung'
https://www.faz.net/aktuell/feuilleton/musik-und-buehne/theater/peter-handkes-urauffuehrung-in-salzburg-schnee-von-gestern-schnee-von-morgen-accg-201071288.html,https://www.faz.net/aktuell/feuilleton/musik-und-buehne/theater/peter-handkes-urauffuehrung-in-salzburg-schnee-von-gestern-schnee-von-morgen-accg-201071288.html,0,www.faz.net,Peter Handke Uraufführung: Ich bin gegen euch alle,"Die Bühne ein Bretterhaufen, zwei falsche Schnurrbärte und ein Paar roter Mützen: Peter Handkes „Schnee von gestern, Schnee von morgen“ wird in der Regie von Jossi Wieler in Salzburg uraufgeführt.",https://media0.faz.net/image/w1200h627/eaf8205c24e1/w3713h1940x0y222o/202607/43601.0.2376626923/wiedergaenger-von-wladimir-und.webp,2026-07-28T08:07:28Z,,"Es soll einmal einen Horoskopschreiber gegeben haben, der nachts davon träumte, ein Menschenfreund zu sein. Tagsüber hingegen lehnte er an schmutzigen Häuserwänden und ekelte sich vor den an ihm Vorü… [+7311 chars]",,de,'Schnee'
https://www.bild.de/leben-wissen/mein-geld-finanzportal/haus-gekauft-oder-kurz-vor-verkauf-was-gilt-bei-der-heizung-6a6894c7c435b807339bd399,https://www.bild.de/leben-wissen/mein-geld-finanzportal/haus-gekauft-oder-kurz-vor-verkauf-was-gilt-bei-der-heizung-6a6894c7c435b807339bd399,0,www.bild.de,"Immo-Expertin sagt, was gilt - Haus gekauft! Muss die alte Heizung jetzt raus?","Wer ein Haus mit alter Gas- oder Ölheizung kauft, fürchtet oft hohe Sanierungskosten. Was für Hausbesitzer und potenzielle Käufer gilt.","https://images.bild.de/6a6894c7c435b807339bd399/c3addf8faba95fa4c10185d11d70a3fd,545c8fa?w=1280",2026-07-28T22:01:06Z,,"Mehr zum Video anzeigen 
Wer ein Haus mit alter Gas- oder Ölheizung kauft, fürchtet oft hohe Sanierungskosten. Was für Hausbesitzer und potenzielle Käufer gilt, sagt Olga Magunia, Finanzierungsexper… [+95 chars]",,de,'Heizung'
https://www.bild.de/leben-wissen/mein-geld-finanzportal/wohnung-kaufen-diese-unterlagen-sollten-kaeufer-unbedingt-pruefen-6a6894cec435b807339bd3a1,https://www.bild.de/leben-wissen/mein-geld-finanzportal/wohnung-kaufen-diese-unterlagen-sollten-kaeufer-unbedingt-pruefen-6a6894cec435b807339bd3a1,0,www.bild.de,Finanzierungsexpertin verrät - Dieses Formular schützt vor Fallen beim Hauskauf,"Die Wohnung sieht gut aus, der Preis scheint günstig – doch nach dem Kauf droht plötzlich eine hohe Sonderzahlung für Dach, Fassade oder Heizung.","https://images.bild.de/6a6894cec435b807339bd3a1/f7fb98693451e0c689fb89fa6263529f,e44074cf?w=1280",2026-07-28T22:01:06Z,,"Mehr zum Video anzeigen 
Die Wohnung sieht gut aus, der Preis scheint günstig doch nach dem Kauf droht plötzlich eine hohe Sonderzahlung für Dach, Fassade oder Heizung, sagt Olga Magunia, Finanzieru… [+102 chars]",,de,'Heizung'
https://www.faz.net/aktuell/wissen/physik-mehr/klimaanlage-der-zukunft-kuehlen-mit-magneten-und-ohne-kaeltemittel-accg-201053985.html,https://www.faz.net/aktuell/wissen/physik-mehr/klimaanlage-der-zukunft-kuehlen-mit-magneten-und-ohne-kaeltemittel-accg-201053985.html,0,www.faz.net,Festkörperkühlung: Sieht so die Klimaanlage der Zukunft aus?,"In Europa werden Maschinen gebaut, die mit Magneten und modernen Materialien kühlen – ohne gefährliche Kältemittel und noch dazu stromsparend. So funktionieren sie.",https://media0.faz.net/image/w1200h627/3cf088a04bd6/w4132h2158x868y248o/202408/43601.0.484719456/ein-kuehlschrank-der-ohne.webp,2026-07-29T06:32:52Z,,"Vielleicht verbirgt sich die Zukunft der Klimaanlage unter Sahnepudding, Biomozzarella und Milchreis mit Zimtgeschmack. Die Lebensmittel liegen in der Kühltheke eines Supermarkts in Darmstadt. Sie si… [+10018 chars]",,de,'Kälte'
https://www.zeit.de/zeit-magazin/wochenmarkt/2026-07/gegrillte-gurken-feta-joghurt-kirschen-rezept-wochenmarkt,https://www.zeit.de/zeit-magazin/wochenmarkt/2026-07/gegrillte-gurken-feta-joghurt-kirschen-rezept-wochenmarkt,0,www.zeit.de,Gegrillte Gurken auf Feta-Joghurt: Gurken grillen geht ganz gut!,"Sie dachten, Gurken schmecken wässrig und nach sonst nicht viel? Auf dem Grill entwickeln sie ungeahnte Kräfte. Ein Bett aus Feta-Joghurt liefert Würze und Frische.",https://img.zeit.de/zeit-magazin/wochenmarkt/2026-07/zeit-wochenmarkt-gegrilltegurken2-bild/wide__1300x731,2026-07-29T09:05:44Z,,"Diesen Sommer lohnt sich ein Blick auf die Gurke, und zwar nicht im Salat, sondern auf dem Grill. Wer sie nur roh kennt, wird überrascht sein: durch die Hitze wird sie weich, aber dennoch fest und bi… [+475 chars]",,de,'Frische'
https://www.n-tv.de/ratgeber/Das-aendert-sich-im-August-id31114078.html,https://www.n-tv.de/ratgeber/Das-aendert-sich-im-August-id31114078.html,0,www.n-tv.de,Verbraucher aufgepasst : Das ändert sich im August,Verbraucher bekommen mehr Rechte bei kaputten Smartphones oder Waschmaschinen. Privathaushalte bekommen für Strom aus neuen PV-Anlagen weniger Geld. Außerdem gibt es weniger Unterstützung beim Heizungstausch. Dies und anderes erwartet Sie im neuen Monat.,https://www.n-tv.de/img/3540774/1782805485/Img_16_9/1200/imago60885259h.jpg,2026-07-30T05:21:25Z,,"Auch im neuen Monat gibt es einige Neuerungen. (Foto: imago/CHROMORANGE)
Verbraucher bekommen mehr Rechte bei kaputten Smartphones oder Waschmaschinen. Privathaushalte erhalten für Strom aus neuen P… [+3590 chars]",,de,'Heizung'
https://www.focus.de/politik/ausland/axios-die-ukraine-steht-vor-grosser-gefahr-selenskyj-bat-trump-um-nothilfe_09ab09f1-3f22-4a66-812d-169fa8ed5128.html,https://www.focus.de/politik/ausland/axios-die-ukraine-steht-vor-grosser-gefahr-selenskyj-bat-trump-um-nothilfe_09ab09f1-3f22-4a66-812d-169fa8ed5128.html,0,www.focus.de,Axios: Die Ukraine steht vor großer Gefahr – Selenskyj bat Trump um Nothilfe,Selenskyj warnt nach seinem Treffen mit Donald Trump in Washington vor einem harten Winter. Der Ukraine fehlen laut „Axios“ dringend Patriot-Abfangraketen gegen russische Angriffe.,"https://quadro.burda-forward.de/ctf/dfe17d18-6a5d-471e-b728-34bbd6e0ffec.82065620-307e-4a3f-bd2d-44bbc90fc99b.jpeg?im=RegionOfInterestCrop=(1200,630),regionOfInterest=(704,775)&hash=643ddce1daf265948489c997ef2bc2480edcf32cac89d4fdf02530d53e06d6b1",2026-07-30T08:21:00Z,,"Der ukrainische Präsident Wolodymyr Selenskyj hat nach seinem Treffen mit Donald Trump im Weißen Haus eindringlich vor einer Winterkrise in seinem Land gewarnt. In einem Interview sagte Selenskyj, di… [+1738 chars]",,de,'Winter'
https://www.basicthinking.de/blog/2026/07/30/staedte-mit-den-weltweit-hoechsten-nebenkosten/,https://www.basicthinking.de/blog/2026/07/30/staedte-mit-den-weltweit-hoechsten-nebenkosten/,0,www.basicthinking.de,Die Städte mit den höchsten Nebenkosten der Welt,"Der Beitrag Die Städte mit den höchsten Nebenkosten der Welt erschien zuerst beim Online-Magazin BASIC thinking. Über unseren Newsletter UPDATE startest du jeden Morgen bestens informiert in den Tag.
Strom, Heizung, Wasser, Müll: Die Nebenkosten sind für viel…",https://www.basicthinking.de/blog/wp-content/uploads/2026/07/muelleimer.jpg,2026-07-30T18:07:36Z,,"Strom, Heizung, Wasser, Müll: Die Nebenkosten sind für viele deutsche Haushalte im Prinzip wie eine zweite Miete. Die Kosten steigen immer weiter, und eine aktuelle Studie hat ergeben, dass Mieter in… [+2491 chars]",,de,'Heizung'
