topic,sentiment_mean,sentiment_std,subjectivity_mean,subjectivity_std,counting
Energie,0.02053030603579291,0.9600746588811989,0.011458994706880284,0.988462455706818,935.0
Mensch,0.023463267156412854,1.1977160789705592,-0.12600673842452167,0.9144910335690328,24.0
Temperatur,-0.3821469368946137,1.0128335697295698,0.13518600795246782,0.859679178939881,47.0
Wasser,-0.011645726688537392,0.8290497713658757,-0.07286992831971441,0.9186299411835993,101.0
Witterung,-0.019410522421103662,1.0529055122470063,-0.022191815415439794,1.1995760350667557,26.0
Zeit,0.01172376373187771,1.0162801183600243,-0.02154932099245335,0.9410862893976302,246.0
