topic,sentiment_mean,sentiment_std,subjectivity_mean,subjectivity_std,counting
Energie,0.02696303873502614,0.9336930265240531,-0.006371013027567962,0.9747537635433234,524.0
Mensch,0.26239134982051987,0.5169086771039036,-0.2997964482375063,0.004868810886352958,2.0
Temperatur,-0.6249376767238076,1.0150157881715876,0.19491738053247817,0.6817754196544679,13.0
Wasser,-0.2619037119636869,0.9003879380560511,0.13203136007289626,0.8962896022548092,8.0
Witterung,-0.5840511480411225,0.6042124345298964,-0.5432041615855443,1.0,2.0
Zeit,-0.020047715491485495,1.0486480522260577,0.018403218815097842,0.9391185794994554,121.0
