topic,sentiment_mean,sentiment_std,subjectivity_mean,subjectivity_std,counting
Energie,0.01664819205463312,0.9603639174675035,0.016779785474367984,0.9969205820162734,926.0
Mensch,0.18975291147804083,1.147400286053289,-0.2927345631862293,0.6859327702749649,17.0
Temperatur,-0.5399691587318433,0.9477115133709044,0.04995997680654916,0.7799272668658973,31.0
Wasser,-0.034994605623978436,0.7793452029159224,-0.0836773667761074,0.8669253539551516,76.0
Witterung,-0.03804256383748594,1.0776474210522424,-0.0032259531838558643,1.1967092951798768,25.0
Zeit,0.015494249416397918,1.0341122434118817,-0.020075081420607675,0.932156666611491,234.0
