topic,sentiment_mean,sentiment_std,subjectivity_mean,subjectivity_std,counting
Energie,0.030769237933990945,0.9705259071209862,0.015955869547239394,1.0047819329925014,1184.0
Mensch,-0.2657716065132387,1.1335870705506828,-0.08371609419537036,0.821137047793034,76.0
Temperatur,-0.13260807938196523,0.9683100225412812,0.07412109410446781,0.8862179362980105,87.0
Wasser,-0.005411403225304474,0.9421505239238304,0.028954666860438454,1.0350686719430555,427.0
Witterung,-0.01428638783548131,0.9726183167908643,-0.21008868946263687,0.7246476851556013,128.0
Zeit,0.0053709904315246745,0.9985776073201966,-0.009962362672249864,0.9529403767264608,389.0
